Player_ID,Player,Full_Name,Born,Current_Age,Bats,Bowls,Matches,Died
3916,V R Aaron,Varun R Aaron,"29th October, 1989",35 years 214 days,Right Handed,Right Arm Fast,52 (2011-2022),
4002,K J Abbott,Kyle J Abbott,"18th June, 1987",37 years 347 days,Right Handed,Right Arm Fast Medium,5 (2016-2016),
4331,S A Abbott,Sean A Abbott,"29th February, 1992",33 years 92 days,Right Handed,Right Arm Fast Medium,3 (2015-2022),
5863,Abdul Samad,Abdul Samad Farooq,"28th October, 2001",23 years 215 days,Right Handed,Right Arm Leg Break,63 (2020-),
3694,Y A Abdulla,Yusuf A Abdulla,"17th January, 1983",42 years 134 days,Left Handed,Left Arm Fast Medium,11 (2009-2010),
3180,Abdur Razzak,Abdur Razzak,"15th June, 1982",42 years 350 days,Right Handed,Left Arm Orthodox,1 (2008-2008),
4756,Abhishek Sharma,Abhishek Sharma,"4th September, 2000",24 years 269 days,Left Handed,Left Arm Orthodox,77 (2018-),
4191,L Ablish,Love Ablish,"3rd December, 1982",42 years 179 days,Right Handed,Right Arm Fast Medium,3 (2010-2011),
2159,A B Agarkar,Ajit Bhalchandra Agarkar,"4th December, 1977",47 years 178 days,Right Handed,Right Arm Fast Medium,42 (2008-2013),
4104,M A Agarwal,Mayank Anurag Agarwal,"16th February, 1991",34 years 104 days,Right Handed,,130 (2011-),
4658,S Agarwal,Shubham Agarwal,"21st November, 1993",31 years 191 days,Right Handed,Right Arm Leg Break,1 (2017-2017),
4059,A N  Ahmed,Abu N Ahmed,"5th November, 1988",36 years 207 days,Right Handed,Right Arm Medium,17 (2010-2015),
4539,K K Ahmed,Khaleel Khursheed Ahmed,"5th December, 1997",27 years 177 days,Right Handed,Left Arm Medium,71 (2018-),
6533,Akash Deep,Akash Deep,"15th December, 1996",28 years 167 days,Right Handed,Right Arm Medium,14 (2022-),
5859,Akash Singh,Akash Maharaj Singh,"26th April, 2002",23 years 35 days,Right Handed,Left Arm Medium Fast,10 (2021-),
4131,B  Akhil,Balachandra Akhil,"7th October, 1977",47 years 236 days,Right Handed,,15 (2008-2011),
4826,F A Allen,Fabian Anthony Allen,"7th May, 1995",30 years 24 days,Right Handed,Left Arm Orthodox,5 (2021-2022),
6512,Aman Hakim Khan,Aman Hakim Khan,"23rd November, 1996",28 years 189 days,Right Handed,Right Arm Medium,12 (2022-2023),
4138,P Amarnath,Palani Amarnath,"1st June, 1982",42 years 364 days,Right Handed,Right Arm Medium,6 (2008-2008),
3236,H M Amla,Hashim Mahomed Amla,"31st March, 1983",42 years 61 days,Right Handed,Right Arm Medium,16 (2016-2017),
4205,Anand Rajan,Anand Rajan,"17th April, 1987",38 years 44 days,Right Handed,Right Arm Medium,9 (2011-2013),
3983,C J Anderson,Corey James Anderson,"13th December, 1990",34 years 169 days,Left Handed,Left Arm Medium Fast,30 (2014-2018),
7757,Angkrish Raghuvanshi,Angkrish Raghuvanshi,"5th June, 2005",19 years 360 days,Right Handed,Left Arm Orthodox,22 (2024-),
4134,Anirudh Singh,Anirudh Singh,"2nd August, 1980",44 years 302 days,Left Handed,Right Arm Medium,5 (2010-2010),
4136,S  Anirudha,Srikkanth Anirudha,"14th April, 1987",38 years 47 days,Right Handed,,20 (2008-2014),
4106,Ankit Sharma,Ankit Nagendra Sharma,"20th April, 1991",34 years 41 days,Left Handed,Left Arm Orthodox,21 (2012-2018),
5019,Ankit Soni,Ankit Soni,"2nd August, 1993",31 years 302 days,Right Handed,Right Arm Leg Break,7 (2017-2017),
4940,Anmolpreet Singh,Anmolpreet Singh,"28th February, 1998",27 years 92 days,Right Handed,Right Arm Off Break,9 (2021-),
8291,Z Ansari,Zeeshan Ansari,"16th December, 1999",25 years 166 days,,,10 (2025-),
7760,Anshul Kamboj,Anshul Kamboj,"6th December, 2000",24 years 176 days,Right Handed,Right Arm Medium,11 (2024-),
5858,Anuj Rawat,Anuj Rawat,"17th October, 1999",25 years 226 days,Left Handed,,24 (2021-),
4155,Anureet Singh,Kathuria Anureet Singh,"2nd March, 1988",37 years 90 days,Right Handed,Right Arm Medium,23 (2009-2018),
4119,K P  Appanna,Kotarangada P Appanna,"20th December, 1988",36 years 162 days,Right Handed,Left Arm Orthodox,14 (2009-2012),
4120,S Aravind,Sreenath Aravind,"8th April, 1984",41 years 53 days,Left Handed,Left Arm Fast Medium,38 (2011-2017),
4777,J C Archer,Jofra Chioke Archer,"1st April, 1995",30 years 60 days,Right Handed,Right Arm Fast,52 (2018-),
5970,V G Arora,Vaibhav Gopal Arora,"14th December, 1997",27 years 168 days,Right Handed,Right Arm Fast Medium,32 (2022-),
6521,Arshad Khan,Mohd Arshad Khan,"20th December, 1997",27 years 162 days,Left Handed,Left Arm Medium,19 (2023-),
4933,Arshdeep Singh,Arshdeep Singh,"5th February, 1999",26 years 115 days,Left Handed,Right Arm Medium Fast,80 (2019-),
7759,Arshin Kulkarni,Arshin Atul Kulkarni,"15th February, 2005",20 years 105 days,Right Handed,Right Arm Medium,2 (2024-),
4121,K B A Arun Karthik,Konda Bhaskir Arun Karthik,"15th February, 1986",39 years 105 days,Right Handed,Right Arm Leg Break,17 (2010-2013),
4170,J  Arunkumar,Jagadeesh Arunkumar,"18th January, 1975",50 years 133 days,Right Handed,Right Arm Off Break,3 (2008-2008),
8307,P Arya,Priyansh Arya,"18th September, 2001",23 years 255 days,,,15 (2025-),
4107,A Ashish Reddy,Ammana Ashish Reddy,"24th February, 1991",34 years 96 days,Right Handed,Right Arm Medium,31 (2012-2016),
7764,Ashutosh Sharma,Ashutosh Rambabu Sharma,"15th September, 1998",26 years 258 days,Right Handed,,24 (2024-),
4556,M Ashwin,Murugan Ashwin,"8th September, 1990",34 years 265 days,Right Handed,Left Arm Chinaman (Googly),44 (2016-2023),
3788,R Ashwin,Ravichandran Ashwin,"17th September, 1986",38 years 256 days,Right Handed,Right Arm Off Break,221 (2009-),
4749,K M Asif,K M Asif,"24th July, 1993",31 years 311 days,Right Handed,Right Arm Medium,7 (2018-2023),
4146,S A  Asnodkar,Swapnil A Asnodkar,"29th April, 1984",41 years 32 days,Right Handed,Right Arm Off Break,20 (2008-2011),
4673,Avesh Khan,Avesh Khan,"13th December, 1996",28 years 169 days,Right Handed,Right Arm Medium,76 (2017-),
3982,P Awana,Parvinder Awana,"19th July, 1986",38 years 316 days,Right Handed,Right Arm Medium,33 (2012-2014),
8352,Ayush Mhatre,Ayush Mhatre,"16th July, 2007",17 years 319 days,Right Handed,Right Arm Off Break,7 (2025-),
2113,Azhar Mahmood,Azhar Mahmood,"28th February, 1975",50 years 92 days,Right Handed,Right Arm Fast Medium,23 (2012-2015),
5936,Azmatullah Omarzai,Azmatullah Omarzai,"24th March, 2000",25 years 68 days,Right Handed,Right Arm Medium Fast,14 (2024-),
6538,A Badoni,Ayush Badoni,"3rd December, 1999",25 years 179 days,Right Handed,Right Arm Off Break,56 (2022-),
3959,S Badree,Samuel Badree,"9th March, 1981",44 years 83 days,Right Handed,Right Arm Leg Break,12 (2013-2017),
3608,S Badrinath,Subramaniam Badrinath,"30th August, 1980",44 years 274 days,Right Handed,Right Arm Off Break,95 (2008-2013),
3929,G J Bailey,George John Bailey,"7th September, 1982",42 years 266 days,Right Handed,Right Arm Medium,40 (2009-2016),
3900,J M Bairstow,Jonathan M Bairstow,"26th September, 1989",35 years 247 days,Right Handed,Right Arm Medium,50 (2019-),
3057,L Balaji,Lakshmipathy Balaji,"27th September, 1981",43 years 246 days,Right Handed,Right Arm Medium Fast,73 (2008-2014),
2999,S B Bangar,Sanjay B Bangar,"11th October, 1972",52 years 232 days,Right Handed,Right Arm Medium Fast,12 (2008-2009),
5660,T Banton,Tom Banton,"11th November, 1998",26 years 201 days,Right Handed,,2 (2020-2020),
3739,A B Barath,Adrian B Barath,"14th April, 1990",35 years 47 days,Right Handed,Right Arm Off Break,3 (2010-2010),
4663,T Baroka,Tejas Baroka,"1st February, 1996",29 years 119 days,Right Handed,Right Arm Leg Break,1 (2017-2017),
7663,X C Bartlett,Xavier Colin Bartlett,"17th December, 1998",26 years 165 days,Right Handed,Right Arm Fast Medium,4 (2025-),
4659,Basil Thampi,Basil Thampi,"11th September, 1993",31 years 262 days,Right Handed,Right Arm Medium,25 (2017-2022),
7217,P A Basith,Pappanayil Abdul Basith,"9th October, 1998",26 years 234 days,Right Handed,Right Arm Off Break,1 (2023-2023),
6528,R A Bawa,Raj Angad Bawa,"12th November, 2002",22 years 200 days,Left Handed,Right Arm Medium Fast,3 (2022-),
4655,A R Bawne,Ankit Ramdas Bawne,"17th December, 1992",32 years 165 days,Right Handed,Right Arm Off Break,1 (2017-2017),
3951,F Behardien,Farhaan Behardien,"9th October, 1983",41 years 234 days,Right Handed,Right Arm Fast Medium,3 (2016-2016),
4705,J P Behrendorff,Jason Paul Behrendorff,"20th April, 1990",35 years 41 days,Right Handed,Left Arm Fast Medium,17 (2019-2023),
8031,J G Bethell,Jacob Graham Bethell,"23rd October, 2003",21 years 220 days,Left Handed,Left Arm Orthodox,2 (2025-),
7219,M Bhandage,Manoj Bhandage,"5th October, 1998",26 years 238 days,,,1 (2025-),
4384,K S Bharat,Kona Srikar Bharat,"3rd October, 1993",31 years 240 days,Right Handed,,10 (2021-2022),
4054,R Bhatia,Rajat Bhatia,"22nd October, 1986",38 years 221 days,Right Handed,,95 (2008-2017),
4211,R R  Bhatkal,Raju R Bhatkal,"1st September, 1985",39 years 272 days,Right Handed,Right Arm Medium,1 (2012-2012),
4040,B A  Bhatt,Bhargav A Bhatt,"13th May, 1990",35 years 18 days,Left Handed,Left Arm Orthodox,17 (2011-2013),
4409,R K Bhui,Ricky Kannakumar Bhui,"29th September, 1996",28 years 244 days,Right Handed,Right Arm Leg Break,4 (2018-),
4159,A A  Bilakhia,Azharuddin A Bilakhia,"31st May, 1986",39 years 0 days,Right Handed,Right Arm Medium,7 (2009-2010),
4428,S W Billings,Samuel William Billings,"15th June, 1991",33 years 350 days,Right Handed,,30 (2016-2022),
4089,S T R Binny,Stuart T R Binny,"3rd June, 1984",40 years 362 days,Right Handed,Right Arm Medium,95 (2010-2019),
4041,Bipul Sharma,Bipul Sharma,"28th September, 1983",41 years 245 days,Left Handed,Left Arm Orthodox,33 (2010-2017),
4075,U A  Birla,Udit A Birla,"17th October, 1989",35 years 226 days,Right Handed,Right Arm Medium,2 (2013-2013),
3757,T R Birt,Travis R Birt,"9th December, 1981",43 years 173 days,Left Handed,Right Arm Medium Fast,5 (2011-2011),
4152,R  Bishnoi,Rajesh Bishnoi,"8th October, 1987",37 years 235 days,Right Handed,Left Arm Fast Medium,3 (2009-2009),
4055,M S  Bisla,Manvinder S Bisla,"27th October, 1984",40 years 216 days,Right Handed,,39 (2010-2015),
4061,A C  Blizzard,Aiden C Blizzard,"27th June, 1984",40 years 338 days,Left Handed,Left Arm Medium,7 (2011-2012),
4511,S M Boland,Scott M Boland,"11th April, 1989",36 years 50 days,Right Handed,Right Arm Fast Medium,2 (2016-2016),
3631,D E Bollinger,Douglas E Bollinger,"24th July, 1981",43 years 311 days,Left Handed,Left Arm Fast Medium,27 (2010-2012),
2996,S E Bond,Shane Edward Bond,"7th June, 1975",49 years 358 days,Right Handed,Right Arm Fast,8 (2010-2010),
3460,R S Bopara,Ravinda Singh Bopara,"4th May, 1985",40 years 27 days,Right Handed,Right Arm Medium,24 (2009-2015),
8222,C Bosch,Corbin Bosch,"10th September, 1994",30 years 263 days,Right Handed,Right Arm Fast Medium,3 (2025-),
4158,R R  Bose,Ranadeb R Bose,"27th February, 1979",46 years 93 days,Right Handed,Right Arm Fast Medium,1 (2009-2009),
3329,J Botha,Johan Botha,"2nd May, 1982",43 years 29 days,Right Handed,Right Arm Off Break,34 (2009-2015),
2116,M V Boucher,Mark Verdon Boucher,"3rd December, 1976",48 years 179 days,Right Handed,,31 (2008-2011),
3924,T A Boult,Trent Alexander Boult,"22nd July, 1989",35 years 313 days,Right Handed,Left Arm Fast Medium,118 (2015-),
7790,BR Sharath,Belur Ravi Sharath,"28th September, 1996",28 years 245 days,Right Handed,,1 (2024-),
3911,D A J Bracewell,Douglas A J Bracewell,"28th September, 1990",34 years 245 days,Right Handed,Right Arm Medium,1 (2012-2012),
6547,M G Bracewell,Michael Gordeon Bracewell,"14th February, 1991",34 years 106 days,Left Handed,Right Arm Off Break,5 (2023-2023),
3908,C R Brathwaite,Carlos Ricardo Brathwaite,"18th July, 1988",36 years 317 days,Right Handed,Right Arm Fast Medium,16 (2016-2019),
3166,D J J Bravo,Dwayne J J Bravo,"7th October, 1983",41 years 236 days,Right Handed,Right Arm Medium,161 (2008-2022),
3703,D M Bravo,Darren Michael Bravo,"6th February, 1989",36 years 114 days,Left Handed,Right Arm Medium Fast,1 (2017-2017),
7453,M P Breetzke,Matthew Paul Breetzke,"3rd November, 1998",26 years 209 days,Right Handed,,1 (2025-),
6517,D Brevis,Dewald Brevis,"29th April, 2003",22 years 32 days,Right Handed,Right Arm Leg Break,16 (2022-),
6470,H C Brook,Harry Cherrington Brook,"22nd February, 1999",26 years 98 days,Right Handed,Right Arm Medium,11 (2023-2023),
4062,J J Bumrah,Jasprit J Bumrah,"6th December, 1993",31 years 176 days,Right Handed,Right Arm Fast,143 (2013-),
7644,N Burger,Nandre Burger,"11th August, 1995",29 years 293 days,Left Handed,Left Arm Medium Fast,6 (2024-),
3888,J C Buttler,Joseph C Buttler,"8th September, 1990",34 years 265 days,Right Handed,,121 (2016-),
4726,A T Carey,Alex Tyson Carey,"27th August, 1991",33 years 277 days,Left Handed,Left Arm Medium Fast,3 (2020-2020),
4394,K C Cariappa,Konganda Charamanna Cariappa,"13th April, 1994",31 years 48 days,Right Handed,Right Arm Leg Break,11 (2015-2019),
4169,L A  Carseldine,Lee A Carseldine,"17th November, 1975",49 years 195 days,Left Handed,Left Arm Medium,5 (2009-2009),
4063,Y S Chahal,Yuzvendra Singh Chahal,"23rd July, 1990",34 years 312 days,Right Handed,Right Arm Leg Break,172 (2013-),
4557,D L Chahar,Deepak Lokandersingh Chahar,"7th August, 1992",32 years 297 days,Right Handed,Right Arm Medium,95 (2016-),
4670,R D Chahar,Rahul Desraj Chahar,"4th August, 1999",25 years 300 days,Right Handed,Right Arm Leg Break,79 (2017-),
4380,P V D Chameera,Pathira Vasan Dushmantha Chameera,"11th January, 1992",33 years 140 days,Right Handed,Right Arm Fast,19 (2022-),
4030,U B T Chand,Unmukt B T  Chand,"26th March, 1993",32 years 66 days,Right Handed,Right Arm Off Break,21 (2011-2016),
1979,S Chanderpaul,Shivnarine Chanderpaul,"16th August, 1974",50 years 288 days,Left Handed,Right Arm Leg Break,3 (2008-2008),
4091,A  Chandila,Ajit Chandila,"5th December, 1983",41 years 177 days,Right Handed,Right Arm Off Break,12 (2012-2013),
4092,A A  Chavan,Ankeet A Chavan,"28th October, 1985",39 years 215 days,Left Handed,Left Arm Orthodox,13 (2011-2013),
3351,P P Chawla,Piyush Pramod Chawla,"24th December, 1988",36 years 158 days,Left Handed,Right Arm Leg Break,192 (2008-),
4157,B  Chipli,Bharat Chipli,"27th January, 1983",42 years 124 days,Right Handed,Right Arm Medium,23 (2008-2013),
4042,S D  Chitnis,Siddharth D Chitnis,"6th May, 1987",38 years 25 days,Right Handed,Right Arm Off Break,11 (2008-2012),
3136,A Chopra,Akash Chopra,"19th September, 1977",47 years 254 days,Right Handed,Right Arm Medium,7 (2008-2009),
4779,P Chopra,Prashant Chopra,"7th October, 1992",32 years 236 days,Right Handed,Right Arm Leg Break,2 (2018-2019),
4043,A V Choudhary,Aniket Vinod Choudhary,"28th January, 1990",35 years 123 days,Right Handed,Left Arm Medium,5 (2017-2017),
3766,D T Christian,Daniel Trevor Christian,"4th May, 1983",42 years 27 days,Right Handed,Right Arm Fast Medium,49 (2011-2021),
3067,M J Clarke,Michael John Clarke,"2nd April, 1981",44 years 59 days,Right Handed,Left Arm Orthodox,6 (2012-2012),
7155,G Coetzee,Gerald Coetzee,"2nd October, 2000",24 years 241 days,Right Handed,Right Arm Fast,13 (2024-),
2973,P D Collingwood,Paul Davide Collingwood,"26th May, 1976",49 years 5 days,Right Handed,Right Arm Medium,8 (2010-2010),
5924,D P Conway,Devon Philip Conway,"8th July, 1991",33 years 327 days,Left Handed,Right Arm Medium,29 (2022-),
4093,K  Cooper,Kevon K Cooper,"2nd February, 1989",36 years 118 days,Right Handed,Right Arm Medium,25 (2012-2014),
4249,S S Cottrell,Sheldon S Cottrell,"19th August, 1989",35 years 285 days,Right Handed,Left Arm Fast Medium,6 (2020-2020),
4001,N M Coulter-Nile,Nathan M Coulter-Nile,"11th October, 1987",37 years 232 days,Right Handed,Right Arm Fast,39 (2013-2022),
3909,P J Cummins,Patrick J Cummins,"8th May, 1993",32 years 23 days,Right Handed,Right Arm Fast,72 (2014-),
4787,S M Curran,Samuel Matthew Curran,"3rd June, 1998",26 years 362 days,Left Handed,Left Arm Medium Fast,64 (2019-),
4693,T K Curran,Thomas Kevin Curran,"12th March, 1995",30 years 80 days,Right Handed,Right Arm Fast Medium,13 (2018-2021),
3995,B C J Cutting,Benjamin C J Cutting,"30th January, 1987",38 years 121 days,Right Handed,Right Arm Fast Medium,21 (2014-2019),
4762,M J Dagar,Mayank J Dagar,"11th November, 1996",28 years 201 days,Right Handed,Left Arm Orthodox,8 (2023-),
4739,C J Dala,Carl Junior Dala,"29th December, 1989",35 years 153 days,Right Handed,Right Arm Medium,1 (2018-2018),
3973,M K P A Dananjaya,Mahamarakkala Kurukulasooriya Patabendige Akila Dananjaya,"4th October, 1993",31 years 239 days,Left Handed,Right Arm Off Break,1 (2018-2018),
4056,D B  Das,Debabrata B Das,"22nd September, 1986",38 years 251 days,Right Handed,Right Arm Leg Break,31 (2008-2013),
4176,H  Das,Halhadar Das,"10th December, 1986",38 years 172 days,Right Handed,,1 (2008-2008),
5332,T H David,Timothy Hays David,"16th March, 1996",29 years 76 days,Right Handed,Right Arm Medium,50 (2021-),
6537,Y Dayal,Yash Dayal,"13th December, 1997",27 years 169 days,Left Handed,Left Arm Medium Fast,42 (2022-),
3936,C de Grandhomme,Colin de Grandhomme,"22nd July, 1986",38 years 313 days,Right Handed,Right Arm Fast Medium,25 (2017-2019),
3988,Q de Kock,Quinton de Kock,"17th December, 1992",32 years 165 days,Left Handed,,115 (2013-),
3927,M de Lange,Marchant de Lange,"13th October, 1990",34 years 230 days,Right Handed,Right Arm Medium Fast,5 (2012-2015),
4696,P W H de Silva,Pinnaduwage Wanindu Hasaranga De Silva,"29th July, 1997",27 years 306 days,Right Handed,Right Arm Leg Break,37 (2021-),
3241,A B de Villiers,Abraham Benjamin De Villiers,"17th February, 1984",41 years 103 days,Right Handed,Right Arm Medium,184 (2008-2021),
3724,J L Denly,Joseph L Denly,"16th March, 1986",39 years 76 days,Right Handed,Right Arm Leg Break,1 (2019-2019),
5849,T U Deshpande,Tushar Uday Deshpande,"15th May, 1995",30 years 16 days,Left Handed,Right Arm Medium,46 (2020-),
4207,K H  Devdhar,Kedar H Devdhar,"14th December, 1989",35 years 168 days,Right Handed,,1 (2011-2011),
2668,P Dharmani,Pankaj Dharmani,"27th September, 1974",50 years 246 days,Right Handed,,1 (2008-2008),
4064,R Dhawan,Rishi Dhawan,"19th February, 1990",35 years 101 days,Right Handed,Right Arm Medium Fast,39 (2013-),
3832,S Dhawan,Shikhar Dhawan,"5th December, 1985",39 years 177 days,Left Handed,,222 (2008-),
3243,M S Dhoni,Mahendra Singh Dhoni,"7th July, 1981",43 years 328 days,Right Handed,,278 (2008-),
6516,Y V Dhull,Yash Vijay Dhull,"11th November, 2002",22 years 201 days,Right Handed,Right Arm Off Break,4 (2023-2023),
8311,Digvesh Rathi,Digvesh Singh Rathi,"15th December, 1999",25 years 167 days,Right Handed,Right Arm Leg Break,13 (2025-),
2197,T M Dilshan,Tillakaratne Mudiyanselage Dilshan,"14th October, 1976",48 years 229 days,Right Handed,Right Arm Medium,52 (2008-2013),
3740,A B Dinda,Ashok B Dinda,"25th March, 1984",41 years 67 days,Right Handed,Right Arm Medium Fast,78 (2008-2017),
4180,P  Dogra,Paras Dogra,"19th November, 1984",40 years 193 days,Right Handed,Right Arm Leg Break,13 (2010-2013),
4190,A P  Dole,Aditya P Dole,"9th October, 1987",37 years 234 days,Right Handed,Right Arm Fast Medium,3 (2010-2010),
4195,N D  Doshi,Nayan D Doshi,"6th October, 1978",46 years 237 days,Right Handed,Left Arm Orthodox,4 (2010-2011),
2060,R Dravid,Rahul Dravid,"11th January, 1973",52 years 140 days,Right Handed,Right Arm Off Break,89 (2008-2013),
3847,F du Plessis,Francois du Plessis,"13th July, 1984",40 years 322 days,Right Handed,Right Arm Leg Break,154 (2012-),
4171,D  du Preez,Dillon du Preez,"8th November, 1981",43 years 204 days,Right Handed,Right Arm Fast Medium,2 (2009-2009),
4945,S Dube,Shivam Dube,"26th June, 1993",31 years 339 days,Left Handed,Right Arm Medium,79 (2019-),
8405,H S Dubey,Harsh Surendra Dubey,"23rd July, 2002",22 years 312 days,Left Handed,Left Arm Orthodox,3 (2025-),
4559,P Dubey,Praveen Dubey,"1st July, 1993",31 years 334 days,Right Handed,Right Arm Leg Break,5 (2020-),
3208,J-P Duminy,Jean-Paul Duminy,"14th April, 1984",41 years 47 days,Left Handed,Right Arm Off Break,83 (2009-2018),
4337,B R Dunk,Ben Robert Dunk,"11th March, 1987",38 years 81 days,Left Handed,Right Arm Off Break,3 (2014-2014),
4074,E R Dwivedi,Eklavya Ralesj Dwivedi,"22nd July, 1988",36 years 313 days,Right Handed,,4 (2016-2016),
3125,F H Edwards,Fidel Henderson Edwards,"6th February, 1982",43 years 114 days,Right Handed,Right Arm Fast,6 (2009-2009),
6082,N Ellis,Nathan Ellis,"22nd September, 1994",30 years 251 days,Right Handed,Right Arm Fast Medium,17 (2021-),
8226,Eshan Malinga,Kiribathgala Kankanamalage Eshan Malinga Dharmasena,"4th February, 2001",24 years 116 days,Left Handed,Right Arm Fast Medium,7 (2025-),
3930,J P Faulkner,James Peter Faulkner,"29th April, 1990",35 years 32 days,Right Handed,Left Arm Medium,60 (2011-2017),
4185,F Y Fazal,Faiz Yakub Fazal,"7th September, 1985",39 years 266 days,Left Handed,Right Arm Medium,12 (2010-2011),
5955,Fazalhaq Farooqi,Fazalhaq Farooqi,"22nd September, 2000",24 years 251 days,Right Handed,Left Arm Fast Medium,12 (2022-),
3643,C J Ferguson,Callum J Ferguson,"21st November, 1984",40 years 191 days,Right Handed,Right Arm Medium,9 (2011-2012),
4609,L H Ferguson,Lachlan Hammond Ferguson,"13th June, 1991",33 years 352 days,Right Handed,Right Arm Fast,49 (2017-),
2223,C R D Fernando,Congenige Randhi Dilhara Fernando,"19th July, 1979",45 years 316 days,Right Handed,Right Arm Fast Medium,10 (2008-2010),
7214,D Ferreira,Donovan Ferreira,"21st July, 1998",26 years 314 days,Right Handed,Right Arm Off Break,3 (2024-),
3845,A J Finch,Aaron James Finch,"17th November, 1986",38 years 195 days,Right Handed,Left Arm Orthodox,92 (2010-2022),
1977,S P Fleming,Stephen Paul Fleming,"1st April, 1973",52 years 60 days,Left Handed,Right Arm Medium,10 (2008-2008),
2148,A Flintoff,Andrew Flintoff,"6th December, 1977",47 years 176 days,Right Handed,Right Arm Fast,3 (2009-2009),
2263,J E C Franklin,James Edwar Charles Franklin,"7th November, 1980",44 years 205 days,Left Handed,Left Arm Fast Medium,20 (2011-2012),
7679,J Fraser-McGurk,Jake Fraser-McGurk,"11th April, 2002",23 years 50 days,Right Handed,Right Arm Leg Break,15 (2024-),
4162,Gagandeep Singh,Gagandeep Singh,"3rd October, 1981",43 years 240 days,Right Handed,Right Arm Fast Medium,4 (2008-2008),
4931,R D Gaikwad,Ruturaj Dashrat Gaikwad,"31st January, 1997",28 years 120 days,Right Handed,Right Arm Off Break,71 (2020-),
3107,G Gambhir,Gautam Gambhir,"14th October, 1981",43 years 229 days,Left Handed,Right Arm Leg Break,154 (2008-2018),
4188,C  Ganapathy,Chandrasehar Ganapathy,"10th June, 1981",43 years 355 days,Right Handed,Right Arm Medium,1 (2010-2010),
2059,S C Ganguly,Sourav C Ganguly,"8th July, 1972",52 years 327 days,Left Handed,Right Arm Medium,59 (2008-2012),
5866,P K Garg,Priyam K Garg,"30th November, 2000",24 years 182 days,Right Handed,Right Arm Medium,23 (2020-2023),
6203,G H S Garton,George Henry Simmons Garton,"15th April, 1997",28 years 46 days,Left Handed,Left Arm Fast,5 (2021-2021),
4032,C M  Gautam,C Muralidharen Gautam,"8th March, 1986",39 years 84 days,Right Handed,,13 (2013-2015),
3159,R S Gavaskar,Rohan S Gavaskar,"20th February, 1976",49 years 100 days,Left Handed,Left Arm Orthodox,2 (2010-2010),
2217,C H Gayle,Christopher Henry Gayle,"21st September, 1979",45 years 252 days,Left Handed,Right Arm Off Break,142 (2009-2021),
3615,B Geeves,Brett Geeves,"13th June, 1982",42 years 352 days,Right Handed,Right Arm Fast Medium,2 (2008-2008),
4161,A N Ghosh,Arindam N Ghosh,"19th October, 1986",38 years 224 days,Right Handed,Right Arm Medium,2 (2009-2009),
2080,H H Gibbs,Herschelle Herman Gibbs,"23rd February, 1974",51 years 97 days,Right Handed,Right Arm Fast Medium,36 (2008-2012),
2192,A C Gilchrist,Adam Craig Gilchrist,"14th November, 1971",53 years 198 days,Left Handed,,80 (2008-2013),
6729,R J Gleeson,Richard James Gleeson,"2nd December, 1987",37 years 180 days,Right Handed,Right Arm Fast Medium,2 (2024-),
4206,Y  Gnaneswara Rao,Yalaka Gnaneswara Rao,"25th August, 1984",40 years 279 days,Right Handed,Right Arm Medium,2 (2011-2011),
4139,K  Goel,Karan Goel,"24th December, 1986",38 years 158 days,Left Handed,Right Arm Off Break,22 (2008-2010),
4076,R V  Gomez,Raiphi V Gomez,"16th October, 1985",39 years 227 days,Right Handed,Right Arm Medium,13 (2011-2013),
3569,M Gony,Manpreet Gony,"4th January, 1984",41 years 147 days,Right Handed,Right Arm Medium,44 (2008-2017),
4378,S Gopal,Shreyas Gopal,"4th September, 1993",31 years 269 days,Right Handed,Right Arm Leg Break,52 (2014-),
4094,S P Goswami,Shreevats P Goswami,"18th May, 1989",36 years 13 days,Left Handed,,31 (2008-2020),
4668,K Gowtham,Krishnappa Gowtham,"20th October, 1988",36 years 223 days,Right Handed,Right Arm Off Break,36 (2018-),
7227,R Goyal,Raghav Goyal,"20th June, 2001",23 years 345 days,,,1 (2023-2023),
5926,C Green,Cameron Green,"3rd June, 1999",25 years 362 days,Right Handed,Right Arm Fast Medium,29 (2023-),
5853,C J Green,Christopher James Green,"1st October, 1993",31 years 242 days,Right Handed,Right Arm Off Break,1 (2020-2020),
3877,Gulbadin Naib,Gulbadin Naib,"16th March, 1991",34 years 76 days,Right Handed,Right Arm Medium Fast,2 (2024-),
3633,M J Guptill,Martin James Guptill,"30th September, 1986",38 years 243 days,Right Handed,Right Arm Off Break,13 (2016-2019),
4212,Gurkeerat Singh,Gurkeerat Rupinder Singh,"29th June, 1990",34 years 336 days,Right Handed,Right Arm Off Break,41 (2012-2020),
4307,H F Gurney,Harry F Gurney,"25th October, 1986",38 years 218 days,Right Handed,Left Arm Fast Medium,8 (2019-2019),
7239,Gurnoor Brar,Gurnoor Brar,"25th May, 2000",25 years 6 days,Left Handed,Right Arm Fast,1 (2023-2023),
2707,B J Haddin,Bradley James Haddin,"23rd October, 1977",47 years 220 days,Right Handed,,1 (2011-2011),
3887,A D Hales,Alexander Daniel Hales,"3rd January, 1989",36 years 148 days,Right Handed,Right Arm Medium,6 (2018-2018),
4558,P S P Handscomb,Peter Stephen Patrick Handscomb,"26th April, 1991",34 years 35 days,Right Handed,,2 (2016-2016),
6506,R Hangargekar,Rajvardhan Hangargekar,"10th November, 2002",22 years 202 days,Left Handed,Right Arm Medium,2 (2023-2023),
2138,Harbhajan Singh,Harbhajan Singh,"3rd July, 1980",44 years 332 days,Right Handed,Right Arm Off Break,163 (2008-2021),
4045,Harmeet Singh,Harmeet Singh,"9th October, 1987",37 years 234 days,Right Handed,Right Arm Medium,27 (2009-2013),
4095,Harmeet Singh,Harmeet Singh,"7th September, 1992",32 years 266 days,Left Handed,Left Arm Orthodox,1 (2013-2013),
4935,Harpreet Brar,Harpreet Brar,"16th September, 1995",29 years 257 days,Left Handed,Left Arm Orthodox,49 (2019-),
4077,Harpreet Singh,Harpreet Singh Bhatia,"11th August, 1991",33 years 293 days,Left Handed,Right Arm Medium,9 (2010-),
4209,D J Harris,Daniel J Harris,"31st December, 1979",45 years 151 days,Right Handed,Right Arm Medium,4 (2012-2012),
3638,R J Harris,Ryan James Harris,"11th October, 1979",45 years 232 days,Right Handed,Right Arm Fast Medium,37 (2009-2013),
3662,S M Harwood,Shane M Harwood,"1st March, 1974",51 years 91 days,Right Handed,Right Arm Fast Medium,3 (2009-2009),
3831,J W Hastings,John W Hastings,"4th November, 1985",39 years 208 days,Right Handed,Right Arm Fast Medium,3 (2014-2016),
1976,M L Hayden,Matthew Lawrence Hayden,"29th October, 1971",53 years 214 days,Left Handed,Right Arm Medium,32 (2008-2010),
3799,J R Hazlewood,Josh Reginald Hazlewood,"8th January, 1991",34 years 143 days,Left Handed,Right Arm Fast Medium,38 (2020-),
4386,T M Head,Travis M Head,"29th December, 1993",31 years 153 days,Left Handed,Right Arm Off Break,38 (2016-),
3679,T Henderson,Tyron Henderson,"1st August, 1974",50 years 303 days,Right Handed,Right Arm Fast Medium,2 (2009-2009),
4273,B E Hendricks,Beuran Eric Hendricks,"8th June, 1990",34 years 357 days,Left Handed,Left Arm Fast Medium,7 (2014-2015),
3680,M C Henriques,Moises Constantino Henriques,"1st February, 1987",38 years 119 days,Right Handed,Right Arm Fast Medium,62 (2009-2021),
4257,M J Henry,Matthew James Henry,"14th December, 1991",33 years 168 days,Right Handed,Right Arm Fast Medium,6 (2017-),
4681,S O Hetmeyer,Shimron Odilon Hetmeyer,"26th December, 1996",28 years 156 days,Left Handed,Left Arm Chinaman (Googly),86 (2019-),
3455,B W Hilfenhaus,Benjamin William Hilfenhaus,"15th March, 1983",42 years 77 days,Right Handed,Right Arm Fast Medium,17 (2012-2014),
4946,Himmat Singh,Himmat Singh,"8th November, 1996",28 years 204 days,Right Handed,Right Arm Off Break,3 (2025-),
3330,B J Hodge,Bradley J Hodge,"29th December, 1974",50 years 153 days,Right Handed,Right Arm Off Break,66 (2008-2014),
2068,G B Hogg,George Bradley Hogg,"6th February, 1971",54 years 114 days,Left Handed,Left Arm Chinaman (Googly),21 (2012-2016),
3998,J O Holder,Jason Omar Holder,"5th November, 1991",33 years 207 days,Right Handed,Right Arm Medium Fast,46 (2013-2023),
4404,D J Hooda,Deepak Jagbir Hooda,"19th April, 1995",30 years 42 days,Right Handed,Right Arm Off Break,125 (2015-),
4417,S D Hope,Shai Diego Hope,"10th November, 1993",31 years 202 days,Right Handed,,9 (2024-),
3273,J R Hopes,James Redfern Hopes,"24th October, 1978",46 years 219 days,Right Handed,Right Arm Medium,21 (2008-2011),
5935,A J Hosein,Akeal Jerome Hosein,"25th April, 1993",32 years 36 days,Left Handed,Left Arm Orthodox,1 (2023-2023),
3595,D J Hussey,David John Hussey,"15th July, 1977",47 years 320 days,Right Handed,Right Arm Off Break,64 (2008-2014),
3160,M E K Hussey,Michael Edward Killeen Hussey,"27th May, 1975",50 years 4 days,Left Handed,Right Arm Medium,59 (2008-2015),
3850,Imran Tahir,Mohammad Imran Tahir,"27th March, 1979",46 years 65 days,Right Handed,Right Arm Leg Break,59 (2014-2021),
4217,B Indrajith,Baba Indrajith,"8th July, 1994",30 years 327 days,Left Handed,,3 (2022-2022),
6471,J P Inglis,Joshua Patrick Inglis,"4th March, 1995",30 years 88 days,Right Handed,,9 (2025-),
3823,C A Ingram,Colin A Ingram,"3rd July, 1985",39 years 332 days,Left Handed,,15 (2011-2019),
4057,Iqbal Abdulla,Sayed Iqbal Abdulla,"2nd December, 1989",35 years 180 days,Left Handed,Left Arm Orthodox,49 (2008-2017),
4544,Ishan Kishan,Ishan Pranav Kumar Pandey Kishan,"18th July, 1998",26 years 317 days,Left Handed,,119 (2016-),
4387,S S Iyer,Shreyas S Iyer,"6th December, 1994",30 years 176 days,Right Handed,Right Arm Leg Break,131 (2015-),
5971,V R Iyer,Venkatesh Rajasekaran Iyer,"25th December, 1994",30 years 157 days,Left Handed,Right Arm Medium,62 (2021-),
6922,W G Jacks,William George Jacks,"21st November, 1998",26 years 191 days,Right Handed,Right Arm Off Break,21 (2024-),
4122,S P Jackson,Sheldon P Jackson,"27th September, 1986",38 years 246 days,Right Handed,,9 (2017-2022),
4198,D J  Jacobs,David J Jacobs,"4th November, 1982",42 years 208 days,Right Handed,Right Arm Medium,7 (2011-2012),
3644,R A Jadeja,Ravindrasinh Anirudhsinh Jadeja,"6th December, 1988",36 years 176 days,Left Handed,Left Arm Orthodox,254 (2008-),
4033,K M Jadhav,Kedar M Jadhav,"26th March, 1985",40 years 66 days,Right Handed,Right Arm Off Break,95 (2010-2023),
2208,W Jaffer,Wasim Jaffer,"16th February, 1978",47 years 104 days,Right Handed,Right Arm Off Break,8 (2008-2009),
4751,N Jagadeesan,Narayan Jagadeesan,"24th December, 1995",29 years 158 days,Right Handed,,13 (2020-2023),
4196,I R Jaggi,Ishank Rajiv Jaggi,"27th January, 1989",36 years 124 days,Right Handed,Right Arm Leg Break,7 (2011-2017),
5857,Y B K Jaiswal,Yashasvi Bhupendra Kumar Jaiswal,"28th December, 2001",23 years 154 days,Left Handed,Right Arm Leg Break,67 (2020-),
4130,S B Jakati,Shadab Bashir Jakati,"27th November, 1980",44 years 185 days,Left Handed,Left Arm Orthodox,59 (2009-2017),
5774,K A Jamieson,Kyle Alex Jamieson,"30th December, 1994",30 years 152 days,Right Handed,Right Arm Fast Medium,11 (2021-),
7225,D Jansen,Duan Jansen,"1st May, 2000",25 years 30 days,Right Handed,Left Arm Fast,1 (2023-2023),
5974,M Jansen,Marco Jansen,"1st May, 2000",25 years 30 days,Right Handed,Left Arm Fast,35 (2021-),
4135,Jaskaran Singh,Jaskaran Singh,"4th September, 1989",35 years 269 days,Right Handed,Right Arm Medium,8 (2009-2010),
872,S T Jayasuriya,Sanath Teran Jayasuriya,"30th June, 1969",55 years 335 days,Left Handed,Left Arm Orthodox,30 (2008-2010),
2104,D P M D Jayawardene,Denagamage Proboth Mahela de Silva Jayawardene,"27th May, 1977",48 years 4 days,Right Handed,Right Arm Medium,80 (2008-2013),
4179,A A  Jhunjhunwala,Abhishek A Jhunjhunwala,"1st December, 1982",42 years 181 days,Right Handed,Right Arm Off Break,21 (2010-2012),
3244,Joginder Sharma,Joginder Sharma,"23rd October, 1983",41 years 220 days,Right Handed,Right Arm Fast Medium,16 (2008-2011),
3334,M G Johnson,Mitchell Guy Johnson,"2nd November, 1981",43 years 210 days,Left Handed,Left Arm Fast,54 (2013-2018),
7449,S H Johnson,Spencer Henry Johnson,"16th December, 1995",29 years 166 days,Left Handed,Left Arm Fast Medium,9 (2024-),
4238,C J Jordan,Christopher James Jordan,"4th October, 1988",36 years 239 days,Right Handed,Right Arm Fast Medium,34 (2016-2023),
4575,A S Joseph,Alzarri S Joseph,"20th November, 1996",28 years 192 days,Right Handed,Right Arm Fast Medium,22 (2019-),
7657,S Joseph,Shamar Joseph,"31st August, 1999",25 years 273 days,Left Handed,Right Arm Fast Medium,1 (2024-),
2053,S B Joshi,Sunil B Joshi,"6th June, 1969",55 years 359 days,Left Handed,Left Arm Orthodox,4 (2008-2008),
4029,M C  Juneja,Manprit C Juneja,"12th September, 1990",34 years 261 days,Right Handed,Right Arm Off Break,7 (2013-2013),
6541,D C Jurel,Dhruv Chand Jurel,"21st January, 2001",24 years 130 days,Right Handed,,42 (2023-),
2213,M Kaif,Mohammad Kaif,"1st December, 1980",44 years 181 days,Right Handed,Right Arm Leg Break,29 (2008-2012),
2043,J H Kallis,Jacques Henry Kallis,"16th October, 1975",49 years 227 days,Right Handed,Right Arm Fast Medium,98 (2008-2014),
3746,H K S R Kaluhalamulla,Hewa Kaluhalamullage Suraj Randiv Kaluhalamulla,"30th January, 1985",40 years 121 days,Right Handed,Right Arm Off Break,8 (2011-2011),
4150,D  Kalyankrishna,Doddapaneni Kalyankrishna,"16th December, 1983",41 years 166 days,Right Handed,Right Arm Fast Medium,3 (2008-2008),
3056,Kamran Akmal,Kamran Akmal,"13th January, 1982",43 years 138 days,Right Handed,,6 (2008-2008),
4149,Kamran Khan,Kamran Khan,"10th March, 1991",34 years 82 days,Left Handed,Left Arm Fast Medium,9 (2009-2011),
3340,C K Kapugedera,Chamara Kantha Kapugedera,"24th February, 1987",38 years 96 days,Right Handed,Right Arm Medium,5 (2008-2008),
4303,Karanveer Singh,Karanveer Singh,"8th November, 1987",37 years 204 days,,Left Arm Chinaman (Googly),9 (2014-2015),
4611,Karim Janat,Karim Janat,"11th August, 1998",26 years 293 days,Right Handed,Right Arm Medium,1 (2025-),
3210,K D Karthik,Krishnakumar Dinesh Karthik,"1st June, 1985",39 years 364 days,Right Handed,,257 (2008-),
2209,M Kartik,Murali Kartik,"11th September, 1976",48 years 262 days,Left Handed,Left Arm Orthodox,56 (2008-2014),
5856,Kartik Tyagi,Kartik Tyagi,"8th November, 2000",24 years 204 days,Right Handed,Right Arm Medium Fast,20 (2020-),
2743,S M Katich,Simon Mathew Katich,"21st August, 1975",49 years 283 days,Left Handed,Left Arm Chinaman (Googly),11 (2008-2009),
4034,S Kaul,Siddarth Kaul,"19th May, 1990",35 years 12 days,Right Handed,Right Arm Medium,55 (2013-2022),
4168,U  Kaul,Uday Kaul,"2nd December, 1987",37 years 180 days,Left Handed,,5 (2008-2008),
4545,S  Kaushik,Shivil Kaushik,"9th July, 1995",29 years 326 days,Right Handed,Left Arm Orthodox,10 (2016-2017),
7206,V Kaverappa,Vidwath Kaverappa,"25th February, 1999",26 years 95 days,Right Handed,Right Arm Fast Medium,1 (2024-),
4204,A A  Kazi,Abrar A Kazi,"29th September, 1989",35 years 244 days,Left Handed,Left Arm Orthodox,1 (2011-2011),
2258,J M Kemp,Justin Miles Kemp,"2nd October, 1977",47 years 241 days,Right Handed,Right Arm Fast Medium,5 (2010-2010),
8308,M Khan,,,,,,,
4408,S N Khan,Sarfaraz Naushad Khan,"22nd October, 1997",27 years 221 days,Right Handed,Right Arm Leg Break,50 (2015-2023),
2245,Z Khan,Zaheer Khan,"7th October, 1978",46 years 236 days,Right Handed,Left Arm Fast Medium,100 (2008-2017),
3842,U T Khawaja,Usman T Khawaja,"18th December, 1986",38 years 164 days,Left Handed,Right Arm Medium,6 (2016-2016),
4669,K Khejroliya,Kulwant Khejroliya,"13th March, 1992",33 years 79 days,Left Handed,Left Arm Medium Fast,8 (2018-),
4144,M  Khote,Musavir Khote,"22nd April, 1980",45 years 39 days,Right Handed,Right Arm Medium,4 (2008-2008),
5846,R S Kishore,Ravisrinivasan Sai Kishore,"6th November, 1996",28 years 206 days,Left Handed,Left Arm Orthodox,24 (2022-),
4731,H Klaasen,Heinrich Klaasen,"30th July, 1991",33 years 305 days,Right Handed,,49 (2018-),
4202,M Klinger,Michael Klinger,"4th July, 1980",44 years 331 days,Right Handed,,4 (2011-2011),
4151,T S Kohli,Taruwar S Kohli,"17th December, 1988",36 years 165 days,Right Handed,Right Arm Medium,4 (2008-2009),
3600,V Kohli,Virat Kohli,"5th November, 1988",36 years 207 days,Right Handed,Right Arm Medium,266 (2008-),
7794,T K Kotian,Tanush Karunakar Kotian,"16th October, 1998",26 years 227 days,Right Handed,Right Arm Off Break,1 (2024-),
4685,S C Kuggeleijn,Scott Christopher Kuggeleijn,"3rd January, 1992",33 years 148 days,Right Handed,Right Arm Fast Medium,2 (2019-2019),
3147,K M D N Kulasekara,Kulasekara Mudiyanselage Dinesh Nuwan Kulasekara,"22nd July, 1982",42 years 313 days,Right Handed,Right Arm Fast Medium,6 (2011-2012),
4652,Kuldeep Yadav,Kuldeep Yadav,"14th December, 1994",30 years 168 days,Left Handed,Left Arm Chinaman (Googly),98 (2016-),
4066,D S Kulkarni,Dhawal S Kulkarni,"10th December, 1988",36 years 172 days,Right Handed,Right Arm Medium,92 (2008-2021),
8296,A Kumar,Ashwani Kumar,"29th August, 2001",23 years 275 days,,,5 (2025-),
3991,B Kumar,Bhuvneshwar Kumar,"5th February, 1990",35 years 115 days,Right Handed,Right Arm Medium,189 (2011-),
7228,M Kumar,Mukesh Kumar,"12th October, 1993",31 years 231 days,,,32 (2023-),
3514,P Kumar,Praveenkumar Sakat Singh,"2nd October, 1986",38 years 241 days,Right Handed,Right Arm Medium,119 (2008-2017),
6579,Kumar Kartikeya,Kumar Kartikeya Singh,"26th December, 1997",27 years 156 days,Right Handed,Left Arm Orthodox,16 (2022-),
7752,Kumar Kushagra,Kumar Kushagra,"23rd October, 2004",20 years 220 days,Right Handed,,4 (2024-),
962,A Kumble,Anil  Kumble,"17th October, 1970",54 years 226 days,Right Handed,Right Arm Leg Break,42 (2008-2010),
7213,Kunal Singh Rathore,Kunal Singh Rathore,"9th October, 2002",22 years 234 days,,,1 (2025-),
4398,S D Lad,Siddhesh Dinesh Lad,"23rd May, 1992",33 years 8 days,Right Handed,Right Arm Off Break,1 (2019-2019),
4053,S Ladda,Sarabjit Ladda,"10th July, 1986",38 years 325 days,Right Handed,Right Arm Leg Break,9 (2010-2016),
5848,Lalit Yadav,Lalit Yadav,"3rd January, 1997",28 years 148 days,Right Handed,Right Arm Off Break,27 (2021-),
4757,S Lamichhane,Sandeep Lamichhane,"2nd August, 2000",24 years 302 days,Right Handed,Left Arm Chinaman (Googly),9 (2018-2019),
2991,C K Langeveldt,Charl Kenneth Langeveldt,"17th December, 1974",50 years 165 days,Right Handed,Right Arm Fast Medium,7 (2009-2011),
3657,B Laughlin,Ben Laughlin,"3rd October, 1982",42 years 240 days,Right Handed,Right Arm Fast Medium,9 (2013-2018),
2079,V V S Laxman,Vangipurappu Venkata Sai Laxman,"1st November, 1974",50 years 211 days,Right Handed,Right Arm Off Break,20 (2008-2011),
2205,B Lee,Brett Lee,"8th November, 1976",48 years 204 days,Right Handed,Right Arm Fast,38 (2008-2013),
2139,D S Lehmann,Darren S Lehmann,"5th February, 1970",55 years 115 days,Left Handed,Left Arm Orthodox,2 (2008-2008),
3939,R E Levi,Richard E Levi,"14th January, 1988",37 years 137 days,Right Handed,Right Arm Medium,6 (2012-2012),
4538,E Lewis,Evin Lewis,"27th December, 1991",33 years 155 days,Left Handed,,27 (2018-2022),
4584,J B Little,Joshua Brian Little,"1st November, 1999",25 years 211 days,Right Handed,Left Arm Fast,11 (2023-),
4430,Litton Das,Litton Das,"13th October, 1994",30 years 230 days,Right Handed,,1 (2023-2023),
4692,L S Livingstone,Liam Stephen Livingstone,"4th August, 1993",31 years 300 days,Right Handed,Right Arm Leg Break,48 (2019-),
4541,M K Lomror,Mahipal K Lomror,"16th November, 1999",25 years 196 days,Left Handed,Left Arm Orthodox,40 (2018-),
3781,M J Lumb,Michael John Lumb,"12th February, 1980",45 years 108 days,Left Handed,Right Arm Medium,12 (2010-2011),
4108,C A Lynn,Christopher A Lynn,"10th April, 1990",35 years 51 days,Right Handed,Left Arm Orthodox,42 (2012-2021),
4193,C  Madan,Chandan Madan,"15th October, 1982",42 years 228 days,Right Handed,,1 (2010-2010),
4244,N J Maddinson,Nicolas J Maddinson,"21st December, 1991",33 years 161 days,Left Handed,Left Arm Orthodox,3 (2014-2015),
7226,A Madhwal,Akash Madhwal,"25th November, 1993",31 years 187 days,,,17 (2023-),
5985,S S B Magala,Sisanda Somila Bruce Magala,"7th January, 1991",34 years 144 days,Right Handed,Right Arm Fast Medium,2 (2023-2023),
4601,K A Maharaj,Keshav Athmanand Maharaj,"7th February, 1990",35 years 113 days,Right Handed,Left Arm Orthodox,2 (2024-),
3171,M F Maharoof,Mohamed Farveez Maharoof,"7th September, 1984",40 years 266 days,Right Handed,Right Arm Fast Medium,20 (2008-2010),
4145,V Y  Mahesh,Vijaykumar Y Mahesh,"21st December, 1987",37 years 161 days,Right Handed,Right Arm Fast Medium,18 (2008-2012),
4079,A P  Majumdar,Anustup P Majumdar,"30th April, 1984",41 years 31 days,Right Handed,Right Arm Leg Break,4 (2012-2012),
4694,D J Malan,Dawid Johannes Malan,"3rd September, 1987",37 years 270 days,Left Handed,Right Arm Leg Break,1 (2021-2021),
4203,I  Malhotra,Ishan Malhotra,"22nd May, 1984",41 years 9 days,Right Handed,Right Arm Fast Medium,1 (2011-2011),
4096,V S  Malik,Vikramjeet S Malik,"9th May, 1983",42 years 22 days,Right Handed,Right Arm Medium,13 (2009-2014),
3178,S L Malinga,Separamadu Lasith Malinga,"28th August, 1983",41 years 276 days,Right Handed,Right Arm Fast Medium,122 (2009-2019),
7755,Manav Suthar,Manav Jagdusakumar Suthar,"3rd August, 2002",22 years 301 days,Left Handed,Left Arm Orthodox,1 (2024-),
4046,Mandeep Singh,Mandeep Singh,"18th December, 1991",33 years 164 days,Right Handed,Right Arm Medium,111 (2010-2023),
4080,M  Manhas,Mithun Manhas,"12th October, 1979",45 years 231 days,Right Handed,Right Arm Off Break,55 (2008-2014),
6527,P N Mankad,Prerak Nileshkumar Mankad,"23rd April, 1994",31 years 38 days,Right Handed,Right Arm Medium,6 (2022-2023),
6534,A Manohar,Abhinav Manohar,"16th September, 1994",30 years 257 days,Right Handed,Right Arm Leg Break,27 (2022-),
7779,K T Maphaka,Kwena Tshegofatso Maphaka,"8th April, 2006",19 years 53 days,Left Handed,Left Arm Medium,4 (2024-),
4772,M Markande,Mayank Markande,"11th November, 1997",27 years 201 days,Right Handed,,37 (2018-),
4701,A K Markram,Aiden Kyle Markram,"4th October, 1994",30 years 239 days,Right Handed,Right Arm Off Break,57 (2021-),
3912,M R Marsh,Mitchell R Marsh,"20th October, 1991",33 years 223 days,Right Handed,Right Arm Medium,55 (2010-),
3561,S E Marsh,Shaun Edward Marsh,"9th July, 1983",41 years 326 days,Left Handed,Left Arm Orthodox,71 (2008-2017),
1098,D R Martyn,Damien Richard Martyn,"21st October, 1971",53 years 222 days,Right Handed,Right Arm Medium,1 (2010-2010),
3478,A D Mascarenhas,Adrian D Mascarenhas,"30th October, 1977",47 years 213 days,Right Handed,Right Arm Fast Medium,13 (2008-2013),
2995,Mashrafe Mortaza,Mashrafe Bin Mortaza,"5th October, 1983",41 years 238 days,Right Handed,Right Arm Fast Medium,1 (2009-2009),
3628,A D Mathews,Angelo Davis Mathews,"2nd June, 1987",37 years 363 days,Right Handed,Right Arm Fast Medium,49 (2009-2017),
3969,G J Maxwell,Glenn James Maxwell,"14th October, 1988",36 years 229 days,Right Handed,Right Arm Off Break,141 (2012-),
5925,K R Mayers,Kyle Rico Mayers,"8th September, 1992",32 years 265 days,Left Handed,Right Arm Medium,13 (2023-2023),
3984,M J McClenaghan,Mitchell J McClenaghan,"11th June, 1986",38 years 354 days,Left Handed,Left Arm Medium Fast,56 (2015-2019),
4825,O C McCoy,Obed Christopher McCoy,"4th January, 1997",28 years 147 days,Left Handed,Left Arm Fast Medium,8 (2022-2023),
3008,B B McCullum,Brendon Barrie Mccullum,"27th September, 1981",43 years 246 days,Right Handed,,109 (2008-2018),
3685,N L McCullum,Nathan Leslie Mccullum,"1st September, 1980",44 years 272 days,Right Handed,Right Arm Off Break,2 (2011-2011),
3632,A B McDonald,Andrew B McDonald,"5th June, 1981",43 years 360 days,Right Handed,Right Arm Medium,11 (2009-2013),
1133,G D McGrath,Glenn Donald McGrath,"9th February, 1970",55 years 111 days,Right Handed,Right Arm Fast Medium,14 (2008-2008),
3735,C J McKay,Clinton J McKay,"22nd February, 1983",42 years 98 days,Right Handed,Right Arm Fast Medium,2 (2012-2012),
3736,R McLaren,Ryan  McLaren,"9th February, 1983",42 years 111 days,Left Handed,Right Arm Fast Medium,18 (2010-2013),
4097,A L  Menaria,Ashok L Menaria,"29th October, 1990",34 years 214 days,Left Handed,Left Arm Orthodox,29 (2011-2013),
3545,B A W Mendis,Balapuwaduge Ajantha Winslow Mendis,"11th March, 1985",40 years 81 days,Right Handed,Right Arm Off Break,10 (2008-2013),
3787,B M A J Mendis,Balapuwaduge Manukulasuriya Amith Jeevan Mendis,"15th January, 1983",42 years 136 days,Left Handed,Right Arm Leg Break,3 (2013-2013),
4827,P H K D Mendis,Pasqual Handi Kamindu Dilanka Mendis,"30th September, 1998",26 years 243 days,Left Handed,Left Arm Orthodox Right Arm Off Break,5 (2025-),
5949,R P Meredith,Riley Patrick Meredith,"21st June, 1996",28 years 344 days,Right Handed,Right Arm Fast,18 (2021-2023),
5969,L I Meriwala,Lukman Iqbal Meriwala,"11th December, 1991",33 years 171 days,Left Handed,Left Arm Fast Medium,1 (2021-2021),
4780,S Midhun,Sudhesan Midhun,"7th October, 1994",30 years 236 days,Right Handed,Right Arm Leg Break,1 (2019-2019),
3783,D A Miller,David A Miller,"10th June, 1989",35 years 355 days,Left Handed,Right Arm Off Break,141 (2012-),
4567,T S Mills,Tymal S Mills,"12th August, 1992",32 years 292 days,Right Handed,Right Arm Fast,10 (2017-2022),
3839,A F Milne,Adam F Milne,"13th April, 1992",33 years 48 days,Right Handed,Right Arm Medium Fast,10 (2016-2022),
7754,R Minz,Robin Minz,"13th September, 2022",2 years 260 days,Left Handed,Left Arm Orthodox,2 (2025-),
2262,Misbah-ul-Haq,Misbah-ul-Haq,"28th May, 1974",51 years 3 days,Right Handed,Right Arm Leg Break,8 (2008-2008),
3108,A Mishra,Amit Mishra,"24th November, 1982",42 years 188 days,Right Handed,Right Arm Leg Break,162 (2008-),
4186,M D  Mishra,Mohnish D Mishra,"9th February, 1984",41 years 111 days,Right Handed,Right Arm Off Break,18 (2010-2012),
3345,T Mishra,Tanmay Mishra,"22nd December, 1986",38 years 160 days,Right Handed,,1 (2012-2012),
4850,D J Mitchell,Daryl Joseph Mitchell,"20th May, 1991",34 years 11 days,Right Handed,Right Arm Medium,15 (2022-),
3767,A Mithun,Abhimanyu Mithun,"25th October, 1989",35 years 218 days,Right Handed,Right Arm Medium,16 (2009-2013),
4271,Moeen Ali,Moeen Munir Ali,"18th June, 1987",37 years 347 days,Left Handed,Right Arm Off Break,73 (2018-),
2964,Mohammad Ashraful,Mohammad Ashraful,"7th July, 1984",40 years 328 days,Right Handed,Right Arm Leg Break,1 (2009-2009),
3245,Mohammad Asif,Mohammad Asif,"20th December, 1982",42 years 162 days,Right Handed,Right Arm Fast Medium,8 (2008-2008),
3101,Mohammad Hafeez,Mohammad Hafeez,"17th October, 1980",44 years 226 days,Right Handed,Right Arm Off Break,8 (2008-2008),
3665,Mohammad Nabi,Mohammad Nabi,"1st January, 1985",40 years 150 days,Right Handed,Right Arm Off Break,24 (2017-),
3993,Mohammed Shami,Mohammed Shami Ahmed,"3rd September, 1990",34 years 270 days,Right Handed,Right Arm Fast,119 (2013-),
4675,Mohammed Siraj,Mohammed Siraj,"13th March, 1994",31 years 79 days,Right Handed,Right Arm Medium Fast,107 (2017-),
4773,Mohsin Khan,Mohsin Khan,"15th July, 1998",26 years 320 days,Left Handed,Left Arm Medium Fast,24 (2022-),
4753,Monu Kumar,Monu Kumar Singh,"5th November, 1994",30 years 207 days,Right Handed,Left Arm Medium,1 (2020-2020),
4026,R G  More,Ronit G More,"11th February, 1992",33 years 109 days,Right Handed,Right Arm Medium,2 (2015-2015),
3416,E J G Morgan,Eoin Joseph Gerard Morgan,"10th September, 1986",38 years 263 days,Left Handed,Right Arm Medium,83 (2010-2021),
3162,J A Morkel,Johannes Albertus Morkel,"10th June, 1981",43 years 355 days,Left Handed,Right Arm Medium Fast,91 (2008-2016),
3451,M Morkel,Morne Morkel,"6th October, 1984",40 years 237 days,Left Handed,Right Arm Fast,70 (2009-2016),
3989,C H Morris,Christopher Henry Morris,"30th April, 1987",38 years 31 days,Right Handed,Right Arm Fast Medium,81 (2013-2021),
4140,W A  Mota,Wilkin A Mota,"20th September, 1981",43 years 253 days,Right Handed,Right Arm Medium,12 (2008-2009),
4714,Mujeeb Ur Rahman,Mujeeb Ur Rahman,"28th March, 2001",24 years 64 days,Right Handed,Right Arm Off Break,20 (2018-),
6507,Mukesh Choudhary,Mukesh Choudhary,"6th July, 1996",28 years 329 days,Left Handed,Left Arm Medium,16 (2022-),
3864,A Mukund,Abhinav Mukund,"6th January, 1990",35 years 145 days,Left Handed,Right Arm Leg Break,3 (2008-2013),
7223,S Mulani,Shams Mulani,"13th March, 1997",28 years 79 days,,,2 (2024-),
4707,P W A Mulder,Pieter Willem Adriaan Mulder,"19th February, 1998",27 years 101 days,Right Handed,Right Arm Medium,1 (2025-),
4208,S S Mundhe,Shrikant S Mundhe,"27th October, 1988",36 years 216 days,Right Handed,Right Arm Medium,1 (2011-2011),
3985,C Munro,Colin Munro,"11th March, 1987",38 years 81 days,Left Handed,Right Arm Medium Fast,13 (2016-2019),
1234,M Muralitharan,Muttiah Muralitharan,"17th April, 1972",53 years 44 days,Right Handed,Right Arm Off Break,66 (2008-2014),
4081,A G  Murtaza,Ali G Murtaza,"1st January, 1990",35 years 150 days,Left Handed,Left Arm Orthodox,12 (2010-2013),
4414,Mustafizur Rahman,Mustafizur Rahman,"6th September, 1995",29 years 267 days,Left Handed,Left Arm Medium,60 (2016-),
4411,D J Muthuswami,Domnic Joseph Muthuswami,"9th March, 1981",44 years 83 days,Right Handed,Right Arm Medium,6 (2015-2015),
4035,S Nadeem,Shahbaz Nadeem,"12th August, 1989",35 years 292 days,Right Handed,Left Arm Orthodox,72 (2011-2021),
4036,Y  Nagar,Yogesh Nagar,"6th January, 1990",35 years 145 days,Right Handed,Right Arm Off Break,26 (2009-2012),
4766,K L Nagarkoti,Kamlesh Lachham Nagarkoti,"28th December, 1999",25 years 154 days,Right Handed,Right Arm Fast,12 (2020-2022),
4392,N S Naik,Nikhil Shankar Naik,"9th November, 1994",30 years 203 days,Right Handed,Right Arm Off Break,4 (2016-2020),
4123,K K Nair,Karun Kaladharan Nair,"6th December, 1991",33 years 176 days,Right Handed,Right Arm Off Break,84 (2013-),
4936,D G Nalkande,Darshan Girish Nalkande,"4th October, 1998",26 years 239 days,Right Handed,Right Arm Medium Fast,6 (2022-),
7761,Naman Dhir,Naman Dhir,"31st December, 1999",25 years 151 days,Right Handed,Right Arm Off Break,21 (2024-),
4173,C  Nanda,Chetanya Nanda,"29th March, 1979",46 years 63 days,Right Handed,Right Arm Leg Break,3 (2009-2009),
3697,D P Nannes,Dirk P Nannes,"16th May, 1976",49 years 15 days,Right Handed,Left Arm Fast Medium,29 (2009-2013),
4164,G R  Napier,Graham R Napier,"6th January, 1980",45 years 145 days,Right Handed,Right Arm Medium,1 (2009-2009),
3922,S P Narine,Sunil Philip Narine,"26th May, 1988",37 years 5 days,Left Handed,Right Arm Off Break,189 (2012-),
4183,S  Narwal,Sumit Narwal,"16th April, 1982",43 years 45 days,Left Handed,Right Arm Medium,7 (2010-2013),
4664,T Natarajan,Thangarasu Natarajan,"4th April, 1991",34 years 57 days,Left Handed,Left Arm Medium,63 (2017-),
4543,A D Nath,Akshdeep Deependra Nath,"10th May, 1993",32 years 21 days,Right Handed,Right Arm Medium Fast,14 (2016-2019),
4590,Naveen-ul-Haq,Naveen-ul-Haq Murid,"23rd September, 1999",25 years 250 days,Right Handed,Right Arm Medium Fast,18 (2023-),
3704,A M Nayar,Abhishek M Nayar,"8th October, 1983",41 years 235 days,Left Handed,Right Arm Medium,60 (2008-2014),
3986,J D S Neesham,James Douglas Sheahan Neesham,"17th September, 1990",34 years 256 days,Left Handed,Right Arm Medium,14 (2014-2022),
4038,P Negi,Pawan Negi,"6th January, 1993",32 years 145 days,Left Handed,Left Arm Orthodox,50 (2012-2019),
2168,A Nehra,Ashish Nehra,"29th April, 1979",46 years 32 days,Right Handed,Left Arm Fast Medium,88 (2008-2017),
2970,A Nel,Andre Nel,"15th July, 1977",47 years 320 days,Right Handed,Right Arm Fast Medium,1 (2008-2008),
4201,M G Neser,Michael Gertges Neser,"29th March, 1990",35 years 63 days,Right Handed,Right Arm Medium,1 (2013-2013),
4636,L Ngidi,Lungisani True-man Ngidi,"29th March, 1996",29 years 63 days,Right Handed,Right Arm Fast,16 (2018-),
8298,V Nigam,Vipraj Nigam,"28th July, 2004",20 years 307 days,,,14 (2025-),
4200,R  Ninan,Ryan Ninan,"19th November, 1985",39 years 193 days,Right Handed,Right Arm Off Break,2 (2011-2011),
3531,A A Noffke,Ashley A Noffke,"30th April, 1977",48 years 31 days,Right Handed,Right Arm Fast Medium,1 (2008-2008),
6536,Noor Ahmad,Noor Ahmad Lakanwal,"3rd January, 2005",20 years 148 days,,Left Arm Chinaman (Googly),37 (2023-),
4929,A Nortje,Anrich Nortje,"16th November, 1993",31 years 196 days,Right Handed,Right Arm Fast,48 (2020-),
2137,M Ntini,Makhaya Ntini,"6th July, 1977",47 years 329 days,Right Handed,Right Arm Fast,9 (2008-2008),
3789,N V Ojha,Naman Vinaykumar Ojha,"20th July, 1983",41 years 315 days,Right Handed,,113 (2009-2018),
3574,P P Ojha,Pragyan Prayash Ojha,"5th September, 1986",38 years 268 days,Left Handed,Left Arm Orthodox,92 (2008-2015),
2811,J D P Oram,Jacob David Philip Oram,"28th July, 1978",46 years 307 days,Left Handed,Right Arm Medium,18 (2008-2013),
7646,W P O'Rourke,William Peter O'Rourke,"6th August, 2001",23 years 298 days,Right Handed,Right Arm Fast,3 (2025-),
6665,J Overton,Jamie Overton,"10th April, 1994",31 years 51 days,Right Handed,Right Arm Fast,3 (2025-),
8398,M J Owen,Mitchell J Owen,"16th September, 2001",23 years 257 days,Right Handed,Right Arm Medium,1 (2025-),
4949,P Ray Barman,Prayas Ray Barman,"25th October, 2002",22 years 218 days,Right Handed,Left Arm Chinaman (Googly),1 (2019-2019),
4948,D Padikkal,Devdutt Padikkal,"7th July, 2000",24 years 328 days,Left Handed,Right Arm Leg Break,74 (2020-),
3725,T D Paine,Timothy David Paine,"8th December, 1984",40 years 174 days,Right Handed,Right Arm Medium,2 (2011-2011),
4082,I C Pandey,Ishwar Chand Pandey,"15th October, 1989",35 years 228 days,Right Handed,Right Arm Medium,25 (2013-2015),
4083,M K Pandey,Manish Krishnanand Pandey,"10th September, 1989",35 years 263 days,Right Handed,Right Arm Off Break,174 (2008-),
4399,H H Pandya,Hardik H Pandya,"11th October, 1993",31 years 232 days,Right Handed,Right Arm Medium Fast,150 (2015-),
4552,K H Pandya,Krunal Himanshu Pandya,"24th March, 1991",34 years 68 days,Left Handed,Left Arm Orthodox,141 (2016-),
3790,Pankaj Singh,Pankaj Singh,"6th May, 1985",40 years 25 days,Right Handed,Right Arm Medium Fast,17 (2008-2012),
4542,R R Pant,Rishabh Rajendra Pant,"4th October, 1997",27 years 239 days,Left Handed,,125 (2016-),
4943,R Parag,Riyan Parag,"10th November, 2001",23 years 202 days,Right Handed,Right Arm Leg Break,84 (2019-),
4124,P  Parameswaran,Prasanth Parameswaran,"30th May, 1985",40 years 1 days,Right Handed,Left Arm Medium,8 (2011-2012),
4189,M B  Parmar,Mohnish B Parmar,"12th April, 1988",37 years 49 days,Right Handed,Right Arm Off Break,1 (2010-2010),
3642,W D Parnell,Wayne Dillon Parnell,"30th July, 1989",35 years 305 days,Left Handed,Left Arm Medium Fast,33 (2011-2023),
4311,Parvez Rasool,Parvez Ghulam Rasool Zargar,"13th February, 1989",36 years 107 days,Right Handed,Right Arm Off Break,11 (2013-2016),
4310,A R Patel,Axar Rajeshbhai Patel,"20th January, 1994",31 years 131 days,Left Handed,Left Arm Orthodox,162 (2014-),
4125,H V Patel,Harshal Vikram Patel,"23rd November, 1990",34 years 189 days,Right Handed,Right Arm Medium,119 (2012-),
3352,M M Patel,Munaf M Patel,"12th July, 1983",41 years 323 days,Right Handed,Right Arm Medium Fast,63 (2008-2017),
4147,N K  Patel,Niraj K Patel,"26th March, 1981",44 years 66 days,Left Handed,,9 (2008-2009),
3035,P A Patel,Pathiv A Patel,"9th March, 1985",40 years 83 days,Left Handed,,139 (2008-2019),
5968,R V Patel,Ripal Vinubhai Patel,"28th September, 1995",29 years 245 days,Right Handed,Right Arm Medium Fast,9 (2021-2023),
7202,U Patel,Urvil Patel,"17th October, 1998",26 years 226 days,Right Handed,,3 (2025-),
4197,A U K Pathan,Asad U K Pathan,"17th June, 1984",40 years 348 days,Right Handed,Right Arm Medium,9 (2011-2012),
3156,I K Pathan,Irfan K Pathan,"27th October, 1984",40 years 216 days,Left Handed,Left Arm Medium Fast,103 (2008-2017),
3550,Y K Pathan,Yusuf K Pathan,"17th November, 1982",42 years 195 days,Right Handed,Right Arm Off Break,174 (2008-2019),
6613,M Pathirana,Matheesha Pathirana,"18th December, 2002",22 years 164 days,Right Handed,Right Arm Medium,32 (2022-),
5980,R M Patidar,Rajat Manohar Patidar,"1st June, 1993",31 years 364 days,Right Handed,Right Arm Off Break,41 (2021-),
4167,D T  Patil,Devraj T Patil,"6th December, 1984",40 years 176 days,Right Handed,,2 (2008-2008),
3854,J L Pattinson,James L Pattinson,"3rd May, 1990",35 years 28 days,Left Handed,Right Arm Fast Medium,10 (2020-2020),
4742,K M A Paul,Keemo Mandela Angus Paul,"21st February, 1998",27 years 99 days,Right Handed,Right Arm Fast Medium,8 (2019-2019),
4194,A G  Paunikar,Amit G Paunikar,"18th April, 1988",37 years 43 days,Right Handed,,5 (2010-2011),
4175,R  Pawar,Rajesh Pawar,"6th September, 1979",45 years 267 days,Left Handed,Left Arm Orthodox,1 (2008-2008),
3994,M D K J Perera,Mathurage Don Kusal Janith Perera,"17th August, 1990",34 years 287 days,Left Handed,,2 (2013-2013),
3747,N L T C Perera,Narangoda Liyanaarachchilage Thisara Chirantha Perera,"3rd April, 1989",36 years 58 days,Left Handed,Right Arm Medium Fast,37 (2010-2016),
3049,R J Peterson,Robin J Peterson,"4th August, 1979",45 years 300 days,Left Handed,Left Arm Orthodox,5 (2012-2012),
5860,J R Philippe,Joshua Ryan Philippe,"1st June, 1997",27 years 364 days,Right Handed,,5 (2020-2020),
4647,G D Phillips,Glenn Dominic Phillips,"6th December, 1996",28 years 176 days,Right Handed,Right Arm Off Break,8 (2021-2023),
3238,K P Pietersen,Kevin Peter Pietersen,"27th June, 1980",44 years 338 days,Right Handed,Right Arm Off Break,36 (2009-2016),
3331,L E Plunkett,Liam Edward Plunkett,"6th April, 1985",40 years 55 days,Right Handed,Right Arm Fast Medium,7 (2018-2018),
3465,K A Pollard,Kieron Adrian Pollard,"12th May, 1987",38 years 19 days,Right Handed,Right Arm Medium,189 (2010-2022),
2039,S M Pollock,Shaun Maclean Pollock,"16th July, 1973",51 years 319 days,Right Handed,Right Arm Fast Medium,13 (2008-2008),
3691,L A Pommersbach,Luke A Pommersbach,"28th September, 1984",40 years 245 days,Left Handed,Right Arm Off Break,17 (2008-2013),
2041,R T Ponting,Ricky Thomas Ponting,"19th December, 1974",50 years 163 days,Right Handed,Right Arm Medium,10 (2008-2013),
4587,N Pooran,Nicholas Pooran,"2nd October, 1995",29 years 241 days,Left Handed,,90 (2019-),
7230,A Porel,Abishek Porel,"17th October, 2002",22 years 226 days,Left Handed,,31 (2023-),
5850,I C Porel,Ishan Chandranath Porel,"5th September, 1998",26 years 268 days,Right Handed,Right Arm Medium,1 (2021-2021),
3164,R R Powar,Ramesh R Powar,"20th May, 1978",47 years 11 days,Right Handed,Right Arm Off Break,27 (2008-2012),
4605,R Powell,Rovman Powell,"23rd July, 1993",31 years 312 days,Right Handed,Right Arm Medium Fast,29 (2022-),
4937,Prabhsimran Singh,Prabhsimran Singh,"10th August, 2000",24 years 294 days,Right Handed,,49 (2019-),
5979,S S Prabhudessai,Suyash S Prabhudessai,"6th December, 1997",27 years 176 days,Right Handed,Right Arm Medium,11 (2022-),
4109,P  Prasanth,Padmanablhan Prasanth,"22nd May, 1985",40 years 9 days,Left Handed,Left Arm Orthodox,1 (2011-2011),
4930,M Prasidh Krishna,Muralikrishna Prasidh Krishna,"19th February, 1996",29 years 101 days,Right Handed,Right Arm Medium Fast,65 (2018-),
4110,V  Pratap Singh,Veer Pratap Singh,"3rd May, 1992",33 years 28 days,Right Handed,Right Arm Medium,9 (2012-2012),
4589,D Pretorius,Dwaine Pretorius,"29th March, 1989",36 years 63 days,Right Handed,Right Arm Medium Fast,7 (2022-2023),
2201,R W Price,Raymond William Price,"12th June, 1976",48 years 353 days,Right Handed,Left Arm Orthodox,1 (2011-2011),
4939,Y Prithvi Raj,Prithvi Raj Yarra,"20th February, 1998",27 years 100 days,Left Handed,Left Arm Medium,2 (2019-2019),
3826,C A Pujara,Cheteshwar Arvind Pujara,"25th January, 1988",37 years 126 days,Right Handed,Right Arm Leg Break,29 (2010-2014),
8295,V Puthur,Vignesh Puthur,"2nd March, 2001",24 years 90 days,Right Handed,Left Arm Chinaman (Googly),5 (2025-),
3974,R J Quiney,Robert John Quiney,"20th August, 1982",42 years 284 days,Left Handed,Right Arm Medium,7 (2009-2009),
4339,K Rabada,Kagiso Rabada,"25th May, 1995",30 years 6 days,Left Handed,Right Arm Fast,84 (2017-),
3889,A M Rahane,Ajinkya M Rahane,"6th June, 1988",36 years 359 days,Right Handed,Right Arm Medium,198 (2008-),
5474,Rahmanullah Gurbaz,Rahmanullah Gurbaz,"28th November, 2001",23 years 184 days,Right Handed,,19 (2023-),
4137,K L Rahul,Kannaur Lokesh Rahul,"18th April, 1992",33 years 43 days,Right Handed,,145 (2013-),
3287,S K Raina,Suresh Kumar Raina,"27th November, 1986",38 years 185 days,Left Handed,Right Arm Off Break,205 (2008-2021),
5509,P B B Rajapaksa,Pramod Bhanuka Bandara Rajapaksa,"24th October, 1991",33 years 219 days,Left Handed,Right Arm Medium,13 (2022-2023),
4133,R R  Raje,Rohan R Raje,"3rd November, 1986",38 years 209 days,Right Handed,Right Arm Fast Medium,10 (2008-2009),
4216,A S Rajpoot,Ankit Singh Rajpoot,"4th December, 1993",31 years 178 days,Right Handed,Right Arm Medium,29 (2013-2020),
8297,P V S Raju,Penumatsa Venkata Satyanarayana Raju,"10th July, 1999",25 years 325 days,,,2 (2025-),
6523,Ramandeep Singh,Ramandeep Singh,"13th April, 1997",28 years 48 days,Right Handed,Right Arm Medium,31 (2022-),
3149,R Rampaul,Ravindranath Rampaul,"15th October, 1984",40 years 228 days,Left Handed,Right Arm Fast Medium,12 (2013-2014),
6570,H P Rana,Harshit Pradeep Rana,"22nd December, 2001",23 years 160 days,Right Handed,Right Arm Medium Fast,34 (2022-),
4400,N Rana,Nitish Rana,"27th December, 1993",31 years 155 days,Left Handed,Right Arm Off Break,118 (2016-),
4111,S  Rana,Sachin Rana,"18th September, 1984",40 years 255 days,Right Handed,,11 (2011-2014),
3696,A U Rashid,Adil Usman Rashid,"17th February, 1988",37 years 103 days,Right Handed,Right Arm Leg Break,3 (2021-2023),
4484,Rashid Khan,Rashid Khan,"20th September, 1998",26 years 253 days,Right Handed,Right Arm Leg Break,135 (2017-),
4942,Rasikh Salam,Rasikh Salam Dar,"5th April, 2000",25 years 56 days,Right Handed,Right Arm Medium,13 (2019-),
7204,M Rathee,Mohit Rathee,"13th January, 1999",26 years 138 days,,,1 (2023-2023),
4154,A S  Raut,Abhishek S Raut,"3rd March, 1987",38 years 89 days,Right Handed,Right Arm Leg Break,22 (2009-2011),
5851,Ravi Bishnoi,Ravi Bishnoi,"5th September, 2000",24 years 268 days,Right Handed,Right Arm Leg Break,77 (2020-),
4112,D B  Ravi Teja,Dwaraka B Ravi Teja,"5th September, 1987",37 years 268 days,Right Handed,Right Arm Leg Break,32 (2008-2013),
6150,R Ravindra,Rachin Ravindra,"18th November, 1999",25 years 194 days,Left Handed,Left Arm Orthodox,18 (2024-),
4085,M  Rawat,Mahesh Rawat,"25th October, 1985",39 years 218 days,Right Handed,,18 (2008-2013),
4069,A T Rayudu,Ambati T Rayudu,"23rd September, 1985",39 years 250 days,Right Handed,Right Arm Off Break,204 (2010-2023),
7209,N K Reddy,Nitish Kumar Reddy,"26th May, 2003",22 years 5 days,,,28 (2023-),
4113,P A  Reddy,P Akshath Reddy,"11th February, 1991",34 years 109 days,Right Handed,Right Arm Leg Break,12 (2012-2013),
4650,J A Richardson,Jhye Avon Richardson,"20th September, 1996",28 years 253 days,Left Handed,Right Arm Fast,4 (2021-),
3996,K W Richardson,Kane W Richardson,"12th February, 1991",34 years 108 days,Right Handed,Right Arm Fast Medium,15 (2013-2021),
6552,R D Rickelton,Ryan David Rickelton,"11th July, 1996",28 years 324 days,Left Handed,,14 (2025-),
4199,N J  Rimmington,Nathan J Rimmington,"11th November, 1982",42 years 201 days,Right Handed,Right Arm Fast Medium,1 (2011-2011),
4665,Rinku Singh,Rinku Khanchand Singh,"12th October, 1997",27 years 231 days,Left Handed,Right Arm Off Break,59 (2018-),
7749,S Rizvi,Sameer Rizvi,"6th December, 2003",21 years 176 days,Right Handed,Right Arm Off Break,13 (2024-),
3611,K A J Roach,Kemar Andre Jamal Roach,"30th June, 1988",36 years 335 days,Right Handed,Right Arm Fast Medium,2 (2010-2010),
4000,B J Rohrer,Ben J Rohrer,"26th March, 1981",44 years 66 days,Left Handed,,8 (2013-2013),
3573,L Ronchi,Luke Ronchi,"23rd April, 1981",44 years 38 days,Right Handed,,5 (2008-2009),
3981,J E Root,Joseph Edward Root,"30th December, 1990",34 years 152 days,Right Handed,Right Arm Off Break,3 (2023-2023),
4321,R R Rossouw,Rilee Roscoe Rossouw,"9th October, 1989",35 years 234 days,Left Handed,Right Arm Off Break,22 (2014-),
4775,A S Roy,Anukul Sudhakar Roy,"30th November, 1998",26 years 182 days,Left Handed,Left Arm Orthodox,12 (2019-),
4325,J J Roy,Jason Jonathan Roy,"21st July, 1990",34 years 314 days,Right Handed,,21 (2017-2023),
3836,A D Russell,Andre Dwayne Russell,"29th April, 1988",37 years 32 days,Right Handed,Right Arm Fast,140 (2012-),
4838,S E Rutherford,Sherfane Eviston Rutherford,"15th August, 1998",26 years 289 days,Left Handed,Right Arm Fast Medium,22 (2019-),
3532,J D Ryder,Jesse Daniel Ryder,"6th August, 1984",40 years 298 days,Left Handed,Right Arm Medium,29 (2009-2012),
4098,Sachin Baby,Sachin Baby,"18th December, 1988",36 years 164 days,Left Handed,Right Arm Off Break,20 (2013-),
3759,W P Saha,Wriddhiman Prasanta Saha,"24th October, 1984",40 years 219 days,Right Handed,,170 (2008-),
4405,P Sahu,Pardeep Sahu,"21st August, 1985",39 years 283 days,Right Handed,Right Arm Leg Break,5 (2016-2016),
6535,Sai Sudharsan,Bhardwaj Sai Sudharsan,"15th October, 2001",23 years 228 days,Left Handed,Right Arm Leg Break,39 (2022-),
4047,N  Saini,Nitin Saini,"28th October, 1988",36 years 215 days,Right Handed,,10 (2012-2012),
4656,N A Saini,Navdeep Amarjeet Saini,"23rd November, 1992",32 years 189 days,Right Handed,Right Arm Fast,32 (2019-2023),
5978,C Sakariya,Chetan Sakariya,"28th February, 1998",27 years 92 days,Left Handed,Left Arm Medium Fast,20 (2021-),
3132,Salman Butt,Salman Butt,"7th October, 1984",40 years 236 days,Left Handed,Right Arm Off Break,7 (2008-2008),
6038,P D Salt,Philip Dean Salt,"28th August, 1996",28 years 276 days,Right Handed,Right Arm Off Break,33 (2023-),
4141,D Salunkhe,Dinesh Salunkhe,"12th September, 1982",42 years 261 days,Right Handed,Right Arm Leg Break,6 (2008-2008),
3106,A M Salvi,Aavishkar M Salvi,"20th October, 1981",43 years 223 days,Right Handed,Right Arm Medium,7 (2009-2011),
4114,B B Samantray,Biplab B Samantray,"14th December, 1988",36 years 168 days,Right Handed,,9 (2012-2013),
3228,D J G Sammy,Daren Julius Garvey Sammy,"20th December, 1983",41 years 162 days,Right Handed,Right Arm Medium Fast,22 (2013-2015),
5847,D R Sams,Daniel Richard Sams,"27th October, 1992",32 years 216 days,Right Handed,Left Arm Fast Medium,16 (2020-2022),
4099,S V Samson,Sanju Viswanath Samson,"11th November, 1994",30 years 201 days,Right Handed,,177 (2013-),
2255,M N Samuels,Marlon Nathaniel Samuels,"5th February, 1981",44 years 115 days,Right Handed,Right Arm Off Break,15 (2012-2017),
4048,Sandeep Sharma,Sandeep Sharma,"18th May, 1993",32 years 13 days,Right Handed,Right Arm Medium,137 (2013-),
4126,S Sandeep Warrier,Sankarankutty Sandeep Warrier,"4th April, 1991",34 years 57 days,Right Handed,Right Arm Medium,10 (2019-),
4374,G S Sandhu,Gurinder S Sandhu,"14th June, 1993",31 years 351 days,Left Handed,Right Arm Fast Medium,3 (2015-2015),
2226,K C Sangakkara,Kumar Chokshanada Sangakkara,"27th October, 1977",47 years 216 days,Left Handed,Right Arm Off Break,71 (2008-2013),
4058,P J Sangwan,Pradeep Jaibeer Sangwan,"5th November, 1990",34 years 207 days,Right Handed,Left Arm Medium,42 (2008-2022),
4667,R Sanjay Yadav,Ramsingh Sanjay Yadav,"10th May, 1995",30 years 21 days,Left Handed,Left Arm Orthodox,1 (2022-2022),
4429,M J Santner,Mitchell Josef Santner,"5th February, 1992",33 years 115 days,Left Handed,Left Arm Orthodox,29 (2019-),
3907,K Santokie,Krishmar Santokie,"20th December, 1984",40 years 162 days,Left Handed,Left Arm Medium,2 (2014-2014),
7212,Sanvir Singh,Sanvir Singh,"12th October, 1996",28 years 231 days,,,6 (2023-),
4116,X T  Sargunam,X Thalaivan Sargunam,"15th May, 1985",40 years 16 days,Right Handed,Right Arm Off Break,1 (2013-2013),
4174,S S  Sarkar,Sourav S Sarkar,"15th December, 1984",40 years 167 days,Right Handed,Right Arm Medium,2 (2009-2009),
4172,P M  Sarvesh Kumar,P M Sarvesh Kumar,"26th April, 1989",36 years 35 days,Right Handed,Right Arm Medium,2 (2008-2008),
2220,R R Sarwan,Ramnaresh Ronnie Sarwan,"23rd June, 1980",44 years 342 days,Right Handed,Right Arm Leg Break,4 (2008-2008),
4049,R  Sathish,Rajagopal Sathish,"14th January, 1981",44 years 137 days,Right Handed,Right Arm Medium,34 (2010-2016),
7770,Saurav Chauhan,Saurav Dilipsingh Chauhan,"27th May, 2000",25 years 4 days,Left Handed,Right Arm Off Break,3 (2024-),
4070,J S Saxena,Jalaj Sahai Saxena,"15th December, 1986",38 years 167 days,Right Handed,Right Arm Off Break,1 (2021-2021),
4767,J P R Scantlebury-Searles,Javon Philip Ramon Scantlebury-Searles,"21st December, 1986",38 years 161 days,Right Handed,Right Arm Fast Medium,4 (2018-2018),
7195,Sediqullah Atal,Sediqullah Atal,"12th August, 2001",23 years 292 days,Left Handed,,1 (2025-),
2878,V Sehwag,Virender Sehwag,"20th October, 1978",46 years 223 days,Right Handed,Right Arm Off Break,104 (2008-2015),
4732,T L Seifert,Tim Louis Seifert,"14th December, 1994",30 years 168 days,Right Handed,Right Arm Fast Medium,3 (2021-2022),
6544,K R Sen,Kuldeep Rampal Sen,"22nd October, 1996",28 years 221 days,Right Handed,Right Arm Medium Fast,12 (2022-),
3928,S M S M Senanayake,Senanayake Mudiyanselage Sachithra Madhushanka Senanayake,"9th February, 1985",40 years 111 days,Right Handed,Right Arm Off Break,8 (2013-2013),
2974,O A Shah,Owais Alam Shah,"22nd October, 1978",46 years 221 days,Right Handed,Right Arm Off Break,23 (2010-2013),
4132,P R  Shah,Pinal R Shah,"3rd November, 1987",37 years 209 days,Right Handed,,16 (2008-2011),
5861,Shahbaz Ahmed,Shahbaz Ahmed,"11th December, 1994",30 years 171 days,Left Handed,Left Arm Orthodox,58 (2020-),
2152,Shahid Afridi,Shahid Afridi,"1st March, 1980",45 years 91 days,Right Handed,Right Arm Leg Break,10 (2008-2008),
5976,Shahrukh Khan,Masood Shahrukh Khan,"27th May, 1995",30 years 4 days,Right Handed,Right Arm Off Break,54 (2021-),
7199,Shaik Rasheed,Shaik Rasheed,"24th September, 2004",20 years 249 days,,,5 (2025-),
4178,R A A Shaikh,Rahil A A Shaikh,"12th June, 1985",39 years 353 days,Left Handed,Left Arm Medium,1 (2009-2009),
4177,S S  Shaikh,Shoaib S Shaikh,"18th January, 1987",38 years 133 days,Right Handed,Right Arm Medium,2 (2009-2009),
3426,Shakib Al Hasan,Shakib Al Hasan,"24th March, 1987",38 years 68 days,Left Handed,Left Arm Orthodox Left Arm Medium Fast,71 (2011-2021),
4562,T Shamsi,Tabraiz Shamsi,"18th February, 1990",35 years 102 days,Right Handed,Left Arm Chinaman (Googly),5 (2016-2021),
4476,D Shanaka,Madagamagamage Dasun Shanaka,"9th September, 1991",33 years 264 days,Right Handed,Right Arm Medium,3 (2023-2023),
4027,V Shankar,Vijay Shankar,"26th January, 1991",34 years 125 days,Right Handed,Right Arm Off Break,78 (2014-),
7220,H Sharma,Himanshu Sharma,"6th June, 1998",26 years 359 days,Right Handed,Right Arm Leg Break,2 (2023-),
3470,I Sharma,Ishant Sharma,"2nd September, 1988",36 years 271 days,Right Handed,Right Arm Fast Medium,117 (2008-),
4554,J M Sharma,Jitesh Mohan Sharma,"22nd October, 1993",31 years 221 days,Right Handed,,54 (2022-),
6539,K S Sharma,Karan Sunny Sharma,"31st October, 1998",26 years 212 days,Right Handed,Right Arm Off Break,3 (2022-2023),
4115,K V Sharma,Karn Vinod Sharma,"23rd October, 1987",37 years 220 days,Left Handed,Right Arm Leg Break,90 (2009-),
4028,M M Sharma,Mohit Mahipal Sharma,"18th September, 1988",36 years 255 days,Right Handed,Right Arm Medium,120 (2013-),
3923,R Sharma,Rahul Sharma,"30th November, 1986",38 years 182 days,Right Handed,Right Arm Leg Break,44 (2010-2014),
3474,R G Sharma,Rohit G Sharma,"30th April, 1987",38 years 31 days,Right Handed,Right Arm Off Break,270 (2008-),
7207,S Sharma,Suyash Sharma,"15th May, 2003",22 years 16 days,,,26 (2023-),
7210,V Sharma,Vivrant Sharma,"30th October, 1999",25 years 213 days,,,3 (2023-2023),
4657,Shashank Singh,Shashank Singh,"21st November, 1991",33 years 191 days,Right Handed,Right Arm Off Break,39 (2022-),
4759,P P Shaw,Prithvi Pankaj Shaw,"9th November, 1999",25 years 203 days,Right Handed,Right Arm Off Break,79 (2018-),
8309,S Shedge,Suryansh Shedge,"29th January, 2003",22 years 122 days,,,5 (2025-),
5662,R Shepherd,Romario Shepherd,"26th November, 1994",30 years 186 days,Right Handed,Right Arm Medium Fast,17 (2022-),
4768,Shivam Mavi,Shivam Pankaj Mavi,"26th November, 1998",26 years 186 days,Right Handed,Right Arm Fast Medium,32 (2018-2022),
4377,Shivam Sharma,Shivam Sharma,"9th September, 1993",31 years 264 days,Right Handed,,5 (2014-2015),
7205,Shivam Singh,Shivam Singh,"21st June, 1995",29 years 344 days,,,1 (2024-),
4160,Shoaib Ahmed,Shoaib Ahmed,"19th November, 1987",37 years 193 days,Right Handed,Right Arm Fast Medium,8 (2009-2009),
2124,Shoaib Akhtar,Shoaib Akhtar,"13th August, 1975",49 years 291 days,Right Handed,Right Arm Fast,3 (2008-2008),
2879,Shoaib Malik,Shoaib Malik,"1st February, 1982",43 years 119 days,Right Handed,Right Arm Off Break,7 (2008-2008),
6520,H R Shokeen,Hrithik Rakesh Shokeen,"14th August, 2000",24 years 290 days,Right Handed,Right Arm Off Break,13 (2022-2023),
4755,D R Shorey,Dhrun Ranjan Shorey,"5th June, 1992",32 years 360 days,Right Handed,Right Arm Off Break,2 (2018-2019),
4729,D J M Short,D'Arcy John Matthew Short,"9th August, 1990",34 years 295 days,Left Handed,Left Arm Orthodox,7 (2018-2018),
7203,M W Short,Matthew William Short,"8th November, 1995",29 years 204 days,Right Handed,Right Arm Off Break,6 (2023-2023),
7767,Shubham Dubey,Shubham Badriprasad Dubey,"27th August, 1994",30 years 277 days,Left Handed,Right Arm Off Break,12 (2024-),
4769,Shubman Gill,Shubman Gill,"8th September, 1999",25 years 265 days,Right Handed,Right Arm Off Break,117 (2018-),
2880,L R Shukla,Laxmi R Shukla,"6th May, 1981",44 years 25 days,Right Handed,Right Arm Medium,47 (2008-2014),
4100,R  Shukla,Rahul Shukla,"28th August, 1990",34 years 276 days,Right Handed,Right Arm Medium,7 (2012-2014),
5852,M Siddharth,Manimaran Siddharth,"3rd July, 1998",26 years 332 days,Right Handed,Left Arm Orthodox,5 (2024-),
4022,Sikandar Raza,Sikandar Raza,"24th April, 1986",39 years 37 days,Right Handed,Right Arm Medium,9 (2023-),
2882,L P C Silva,Lindamlilage Prageeth Chamara Silva,"14th December, 1979",45 years 168 days,Right Handed,Right Arm Leg Break,3 (2008-2008),
6509,Simarjeet Singh,Simarjeet Singh,"17th January, 1998",27 years 134 days,Right Handed,Right Arm Fast Medium,14 (2022-),
3447,L M P Simmons,Lendl Mark Platter Simmons,"25th January, 1985",40 years 126 days,Right Handed,Right Arm Medium Fast,29 (2014-2017),
4101,A  Singh,Amit Singh,"21st June, 1981",43 years 344 days,Right Handed,Right Arm Medium Fast,23 (2009-2012),
4555,N B Singh,Nathu Bharat Singh,"8th September, 1995",29 years 265 days,Right Handed,Right Arm Medium,2 (2017-2017),
3332,R P Singh,Rudra Pratap Singh,"6th December, 1985",39 years 176 days,Right Handed,Left Arm Medium Fast,82 (2008-2016),
3354,V R Singh,Vikram R Singh,"17th September, 1984",40 years 256 days,Right Handed,Right Arm Medium Fast,19 (2008-2010),
3157,D R Smith,Dwayne Romel Smith,"12th April, 1983",42 years 49 days,Right Handed,Right Arm Medium,91 (2008-2017),
3014,G C Smith,Graeme Craig Smith,"1st February, 1981",44 years 119 days,Left Handed,Right Arm Medium,29 (2008-2011),
4748,O F Smith,Odean Fabian Smith,"1st November, 1996",28 years 211 days,Right Handed,Right Arm Medium,6 (2022-2022),
3756,S P D Smith,Steven Peter Devereux Smith,"2nd June, 1989",35 years 363 days,Right Handed,Right Arm Leg Break,103 (2012-2021),
4243,I S Sodhi,Inderbir Singh Sodhi,"31st October, 1992",32 years 212 days,Right Handed,Right Arm Leg Break,8 (2018-2019),
2888,R S Sodhi,Reetinder S Sodhi,"18th October, 1980",44 years 225 days,Right Handed,Right Arm Medium,3 (2010-2010),
3502,Sohail Tanvir,Sohail Tanvir,"12th December, 1984",40 years 170 days,Left Handed,Left Arm Medium Fast,11 (2008-2008),
4127,S Sohal,Sunny Sohal,"10th November, 1987",37 years 202 days,Right Handed,Right Arm Leg Break,22 (2008-2011),
6508,P Solanki,Prashant Solanki,"15th October, 1992",32 years 228 days,Left Handed,Right Arm Leg Break,2 (2022-2022),
3542,T G Southee,Timothy G Southee,"11th December, 1988",36 years 171 days,Right Handed,Right Arm Medium Fast,54 (2011-2023),
4512,B B Sran,Barinder B Sran,"10th December, 1992",32 years 172 days,Left Handed,Left Arm Medium,24 (2015-2019),
3327,S Sreesanth,Shanthakumaran Sreesanth,"6th February, 1983",42 years 114 days,Right Handed,Right Arm Medium,44 (2008-2013),
2893,S Sriram,Sridharan Sriram,"21st February, 1976",49 years 99 days,Left Handed,Left Arm Orthodox,2 (2010-2011),
4184,S J  Srivastava,Shalabh J Srivastava,"22nd September, 1981",43 years 251 days,Right Handed,Left Arm Fast Medium,14 (2010-2011),
4156,T  Srivastava,Tanmay Srivastava,"7th November, 1989",35 years 205 days,Left Handed,Right Arm Medium,7 (2008-2009),
4626,B Stanlake,Billy Stanlake,"4th November, 1994",30 years 208 days,Left Handed,Right Arm Fast,6 (2017-2018),
3830,M A Starc,Mitchell Aaron Starc,"30th January, 1990",35 years 121 days,Left Handed,Left Arm Fast,52 (2014-),
3242,D W Steyn,Dale Willem Steyn,"27th June, 1983",41 years 338 days,Right Handed,Right Arm Fast,95 (2008-2020),
4389,M P Stoinis,Marcus Peter Stoinis,"16th August, 1989",35 years 288 days,Right Handed,Right Arm Medium,107 (2016-),
3883,B A Stokes,Benjamin Andrew Stokes,"4th June, 1991",33 years 361 days,Left Handed,Right Arm Fast Medium,45 (2017-2023),
6607,T Stubbs,Tristan Stubbs,"14th August, 2000",24 years 290 days,Right Handed,Right Arm Off Break,32 (2022-),
2899,S B Styris,Scott Bernard Styris,"10th July, 1975",49 years 325 days,Right Handed,Right Arm Fast Medium,12 (2008-2011),
4401,J Suchith,Jagadeesha Suchith,"16th January, 1994",31 years 135 days,Left Handed,Left Arm Orthodox,22 (2015-2022),
4210,T P C Sudhindra,Taduri P C  Sudhindra,"24th April, 1984",41 years 37 days,Left Handed,Right Arm Fast,3 (2012-2012),
4086,T L  Suman,Tirumalasetti L Suman,"15th December, 1983",41 years 167 days,Right Handed,Right Arm Off Break,43 (2009-2013),
4192,B A  Sumanth,Bodapati A Sumanth,"10th May, 1988",37 years 21 days,Right Handed,Right Arm Fast Medium,5 (2010-2010),
7753,Sumit Kumar,Sumit Kumar,"12th December, 1995",29 years 170 days,Right Handed,Right Arm Medium Fast,4 (2024-),
4213,Sunny Gupta,Sunny Gupta,"27th September, 1988",36 years 246 days,Right Handed,Right Arm Off Break,1 (2012-2012),
4050,Sunny Singh,Sunny Singh,"18th December, 1986",38 years 164 days,Right Handed,Right Arm Medium Fast,6 (2011-2011),
8292,V Suryavanshi,Vaibhav Suryavanshi,"27th March, 2011",14 years 65 days,,,7 (2025-),
4071,P S  Suyal,Pawan S Suyal,"15th October, 1989",35 years 228 days,Right Handed,Left Arm Medium,5 (2013-2015),
4549,Swapnil Singh,Swapnil Singh,"22nd January, 1991",34 years 129 days,Right Handed,Left Arm Orthodox,14 (2016-),
4128,J  Syed Mohammad,Jamaluddin Syed Mohammad,"3rd June, 1983",41 years 362 days,Left Handed,Left Arm Orthodox,11 (2011-2013),
2907,A Symonds,Andrew Symonds,"9th June, 1975",,Right Handed,Right Arm Medium Fast,39 (2008-2011),"14th May, 2022   (aged 46 years 339 days)"
2975,T Taibu,Tatenda Taibu,"14th May, 1983",42 years 17 days,Right Handed,Right Arm Off Break,3 (2008-2008),
6525,A Taide,Atharva Taide,"26th April, 2000",25 years 35 days,Left Handed,Left Arm Orthodox,10 (2023-),
3319,S W Tait,Shaun W Tait,"22nd February, 1983",42 years 98 days,Right Handed,Right Arm Fast,21 (2010-2013),
4166,Y V  Takawale,Yogesh V Takawale,"5th November, 1984",40 years 207 days,Right Handed,,16 (2008-2014),
4118,P V Tambe,Pravin Vijay Tambe,"6th March, 1971",54 years 86 days,Right Handed,Right Arm Leg Break,33 (2013-2016),
4072,A P Tare,Aditya P Tare,"7th November, 1987",37 years 205 days,Right Handed,,35 (2010-2017),
3122,J E Taylor,Jerome Everton Taylor,"22nd June, 1984",40 years 343 days,Right Handed,Right Arm Fast,5 (2011-2011),
3348,L R P L Taylor,Luteru Ross Poutoa Lote Taylor,"8th March, 1984",41 years 84 days,Right Handed,Right Arm Off Break,55 (2008-2014),
3407,R N ten Doeschate,Ryan Neil ten Doeschate,"30th June, 1980",44 years 335 days,Right Handed,Right Arm Medium Fast,29 (2011-2015),
5972,A S Tendulkar,Arjun Sachin Tendulkar,"24th September, 1999",25 years 249 days,Left Handed,Left Arm Medium Fast,5 (2023-),
1735,S R Tendulkar,Sachin Ramesh Tendulkar,"24th April, 1973",52 years 37 days,Right Handed,Right Arm Medium,78 (2008-2013),
4379,R Tewatia,Rahul Tewatia,"20th May, 1993",32 years 11 days,Left Handed,Right Arm Leg Break,107 (2014-),
4393,S N Thakur,Shardul Narendra Thakur,"16th October, 1991",33 years 227 days,Right Handed,Right Arm Medium,105 (2015-),
7229,Y Thakur,Yash Thakur,"20th December, 1998",26 years 162 days,,,21 (2023-),
6178,M M Theekshana,Morawakage Maheesh Theekshana,"1st August, 2000",24 years 303 days,Right Handed,Right Arm Off Break,38 (2022-),
3824,J Theron,Juan Theron,"24th July, 1985",39 years 311 days,Right Handed,Right Arm Medium Fast,10 (2010-2015),
3700,A C Thomas,Alfonso C Thomas,"9th February, 1977",48 years 111 days,Right Handed,Right Arm Fast Medium,15 (2011-2012),
4822,O R Thomas,Oshane Romaine Thomas,"18th February, 1997",28 years 102 days,Left Handed,Right Arm Medium Fast,4 (2019-2019),
4143,D  Thornely,Dominic Thornely,"1st October, 1978",46 years 242 days,Right Handed,Right Arm Medium,6 (2008-2008),
6475,I D N Thushara,Ilandari Dewage Nuwan Thushara,"6th August, 1994",30 years 298 days,Right Handed,Right Arm Medium Fast,8 (2024-),
3126,T Thushara,Magina Thilan Thushara Mirando Thushara,"1st March, 1981",44 years 91 days,Left Handed,Left Arm Fast Medium,6 (2009-2010),
6522,Tilak Varma,Namboori Thakur Tilak Varma,"8th November, 2002",22 years 204 days,Left Handed,Right Arm Off Break,52 (2022-),
8301,M Tiwari,Madhav Tiwari,"28th September, 2003",21 years 245 days,,,1 (2025-),
3530,M K Tiwary,Manoj K Tiwary,"14th November, 1985",39 years 198 days,Right Handed,Right Arm Leg Break,98 (2008-2018),
3833,S S Tiwary,Saurabh S Tiwary,"30th December, 1989",35 years 152 days,Left Handed,,93 (2008-2021),
7768,Tom Kohler-Cadmore,Tom Kohler-Cadmore,"19th August, 1994",30 years 285 days,Right Handed,Right Arm Off Break,4 (2024-),
6510,A Tomar,Abhijeet Tomar,"14th March, 1995",30 years 78 days,Left Handed,Right Arm Off Break,1 (2022-2022),
4479,R J W Topley,Reece J W Topley,"21st February, 1994",31 years 99 days,Right Handed,Left Arm Medium Fast,5 (2023-),
4679,R A Tripathi,Rahul Ajay Tripathi,"2nd March, 1991",34 years 90 days,Right Handed,Right Arm Medium,100 (2017-),
4102,S K  Trivedi,Siddharth K Trivedi,"4th September, 1982",42 years 269 days,Right Handed,Right Arm Medium,76 (2008-2013),
4648,A J Turner,Ashton James Turner,"25th January, 1993",32 years 126 days,Right Handed,Right Arm Off Break,6 (2019-),
3743,S Tyagi,Sudeep Tyagi,"19th September, 1987",37 years 254 days,Right Handed,Right Arm Medium,14 (2009-2010),
4383,A J Tye,Andrew James Tye,"12th December, 1986",38 years 170 days,Right Handed,Right Arm Medium Fast,30 (2017-2022),
3699,I Udana,Isuru Udana Tillakaratna,"17th February, 1988",37 years 103 days,Right Handed,Left Arm Fast Medium,10 (2020-2020),
3100,Umar Gul,Umar Gul,"14th April, 1984",41 years 47 days,Right Handed,Right Arm Fast Medium,6 (2008-2008),
6204,Umran Malik,Umran Malik,"22nd November, 1989",35 years 190 days,Right Handed,Right Arm Fast,26 (2021-),
3838,J D Unadkat,Jaydev D Unadkat,"18th October, 1991",33 years 225 days,Right Handed,Left Arm Medium,112 (2010-),
4181,A  Uniyal,Amit Uniyal,"21st November, 1981",43 years 191 days,Left Handed,Left Arm Medium,2 (2010-2010),
4087,K  Upadhyay,Krishnakant Upadhyay,"18th June, 1986",38 years 347 days,Right Handed,Right Arm Medium,3 (2012-2013),
3355,R V Uthappa,Robin V Uthappa,"11th November, 1985",39 years 201 days,Right Handed,Right Arm Medium,205 (2008-2022),
2000,W P U J C Vaas,Warnakulasuriya Patabendige Ushantha Joseph Chaminda Vaas,"21st January, 1974",51 years 130 days,Left Handed,Left Arm Fast Medium,13 (2008-2010),
4051,P C  Valthaty,Paul C Valthaty,"7th December, 1983",41 years 175 days,Right Handed,Right Arm Medium,23 (2009-2013),
4817,H E van der Dussen,Hendrik Erasmus van der Dussen,"7th February, 1989",36 years 113 days,Right Handed,Right Arm Leg Break,3 (2022-2022),
3658,R E van der Merwe,Roelof Erasmus van Der Merwe,"31st December, 1984",40 years 151 days,Right Handed,Left Arm Orthodox,21 (2009-2013),
3339,J J van der Wath,Johannes J van der Wath,"10th October, 1978",46 years 233 days,Right Handed,Right Arm Fast,3 (2011-2011),
3129,M N van Wyk,Morne N van Wyk,"20th March, 1979",46 years 72 days,Right Handed,Left Arm Orthodox,5 (2009-2009),
4938,C V Varun,Varun Chakravarthy Vinod,"29th August, 1991",33 years 275 days,Right Handed,Right Arm Leg Break,84 (2019-),
3288,Y Venugopal Rao,Yalaka Venugopal Rao,"26th February, 1982",43 years 94 days,Right Handed,Right Arm Off Break,65 (2008-2014),
8290,A Verma,Aniket Verma,"5th February, 2002",23 years 115 days,,,14 (2025-),
2090,D L Vettori,Daniel Luca Vettori,"27th January, 1979",46 years 124 days,Left Handed,Left Arm Orthodox,34 (2008-2012),
4163,S  Vidyut,Sivaramakrishnan Vidyut,"3rd December, 1981",43 years 179 days,Left Handed,Left Arm Orthodox,9 (2008-2008),
4117,G H Vihari,Gade Hanuma Vihari,"13th October, 1993",31 years 230 days,Right Handed,Right Arm Off Break,24 (2013-2019),
3626,M Vijay,Murali Vijay,"1st April, 1984",41 years 60 days,Right Handed,Right Arm Off Break,106 (2009-2020),
7543,Vijayakanth Viyaskanth,Vijayakanth Viyaskanth,"5th December, 2001",23 years 177 days,Right Handed,Right Arm Leg Break,3 (2024-),
4165,D P  Vijaykumar,D Paidikalva Vijaykumar,"20th October, 1986",38 years 223 days,Right Handed,Right Arm Medium,9 (2008-2008),
7237,Vijaykumar Vyshak,Vijaykumar Vyshak,"31st January, 1997",28 years 120 days,Right Handed,Right Arm Medium,14 (2023-),
4513,G C Viljoen,G C Hardus Viljoen,"6th March, 1989",36 years 86 days,Right Handed,Right Arm Fast,6 (2019-2019),
3782,R Vinay Kumar,Ranganath Vinay Kumar,"12th February, 1984",41 years 108 days,Right Handed,Right Arm Medium,105 (2008-2018),
5865,Virat Singh,Virat Binod Singh,"8th December, 1997",27 years 174 days,Left Handed,Right Arm Leg Break,3 (2021-2021),
4678,Vishnu Vinod,Vishnu Vinod,"2nd December, 1993",31 years 180 days,Right Handed,,6 (2017-2023),
3463,A C Voges,Adam Charles Voges,"4th October, 1979",45 years 239 days,Right Handed,Left Arm Orthodox,9 (2010-2010),
4052,M Vohra,Manan Vohra,"18th July, 1993",31 years 317 days,Right Handed,Right Arm Medium,56 (2013-2023),
3910,M S Wade,Matthew Scott Wade,"26th December, 1987",37 years 156 days,Left Handed,,15 (2011-),
7224,N Wadhera,Nehal Wadhera,"4th September, 2000",24 years 269 days,,,34 (2023-),
4088,S B  Wagh,Shrikant B Wagh,"9th October, 1988",36 years 234 days,Left Handed,Left Arm Fast Medium,8 (2010-2011),
1856,S K Warne,Shane Keith Warne,"13th September, 1969",,Right Handed,Right Arm Leg Break,55 (2008-2011),"4th March, 2022   (aged 52 years 172 days)"
3637,D A Warner,David Andrew Warner,"27th October, 1986",38 years 216 days,Left Handed,Right Arm Leg Break,184 (2009-),
4684,Washington Sundar,Washington Sundar,"5th October, 1999",25 years 238 days,Left Handed,Right Arm Off Break,65 (2017-),
3017,S R Watson,Shane Robert Watson,"17th June, 1981",43 years 348 days,Right Handed,Right Arm Fast Medium,145 (2008-2020),
3325,C L White,Cameron Leon White,"18th August, 1983",41 years 286 days,Right Handed,Right Arm Leg Break,47 (2008-2013),
4228,D Wiese,David Wiese,"18th May, 1985",40 years 13 days,Right Handed,Right Arm Medium Fast,18 (2015-2023),
4420,D J Willey,David Jonathon Willey,"28th February, 1990",35 years 92 days,Left Handed,Left Arm Fast Medium,11 (2018-2023),
5984,L B Williams,Lizaad Buyron Williams,"1st October, 1993",31 years 242 days,Left Handed,Right Arm Medium Fast,2 (2024-),
3817,K S Williamson,Kane S Williamson,"8th August, 1990",34 years 296 days,Right Handed,Right Arm Off Break,79 (2015-),
3846,C R Woakes,Christopher Roger Woakes,"2nd March, 1989",36 years 90 days,Right Handed,Right Arm Fast Medium,21 (2017-2021),
6921,L Wood,Luke Wood,"2nd August, 1995",29 years 302 days,Left Handed,Left Arm Fast Medium,2 (2024-),
4421,M A Wood,Mark Andrew Wood,"11th January, 1990",35 years 140 days,Right Handed,Right Arm Fast,5 (2018-2023),
3499,L J Wright,Luke James Wright,"7th March, 1985",40 years 85 days,Right Handed,Right Arm Medium,7 (2012-2013),
4142,A S  Yadav,Arjun S Yadav,"23rd December, 1981",43 years 159 days,Right Handed,Right Arm Off Break,8 (2008-2008),
4390,J Yadav,Jayant Yadav,"22nd January, 1990",35 years 129 days,Right Handed,Right Arm Off Break,20 (2015-2023),
5977,K Yadav,Kuldip Yadav,"15th October, 1996",28 years 228 days,Right Handed,,3 (2021-2023),
6540,M P Yadav,Mayank Prabhu Yadav,"17th June, 2002",22 years 348 days,Right Handed,Right Arm Medium Fast,6 (2024-),
8304,P Yadav,Prince Yadav,"12th December, 2001",23 years 170 days,Right Handed,Right Arm Fast,6 (2025-),
4073,S A Yadav,Suryakumar Ashok Yadav,"14th September, 1990",34 years 259 days,Right Handed,Right Arm Medium,164 (2012-),
3786,U T Yadav,Umeshkumar Tilak Yadav,"25th October, 1987",37 years 218 days,Right Handed,Right Arm Fast,148 (2010-),
4103,D H  Yagnik,Dishant H Yagnik,"22nd June, 1983",41 years 343 days,Left Handed,,25 (2011-2014),
4153,Yashpal Singh,Yashpal Singh,"27th November, 1981",43 years 185 days,Right Handed,Right Arm Medium,8 (2009-2009),
4148,V S  Yeligati,Vikrant S Yeligati,"23rd April, 1985",40 years 38 days,Right Handed,Right Arm Off Break,2 (2008-2008),
2211,Younis Khan,Younis Khan,"29th November, 1977",47 years 183 days,Right Handed,Right Arm Leg Break,1 (2008-2008),
5973,Yudhvir Singh,Yudhvir Singh Charak,"13th September, 1997",27 years 260 days,Right Handed,Right Arm Medium Fast,9 (2023-),
2949,Yuvraj Singh,Yuvraj Singh,"12th December, 1981",43 years 170 days,Left Handed,Left Arm Medium,132 (2008-2019),
4527,A Zampa,Adam Zampa,"31st March, 1992",33 years 61 days,Right Handed,Right Arm Leg Break,22 (2016-),
4129,V H  Zol,Vijay H Zol,"23rd November, 1994",30 years 189 days,Left Handed,Right Arm Off Break,3 (2014-2014),
2095,D N T Zoysa,Demuni Nuwan Tharanga Zoysa,"13th May, 1978",47 years 18 days,Left Handed,Left Arm Fast Medium,3 (2008-2008),
